Workbook

Sheet Read Me
B2: HOTEL BOOKING ANALYSIS — PROJECT WORKBOOK
B4: Prepared using: | C4: Microsoft Excel (data cleaning, formulas, PivotTable-style analysis, charts) + Power BI (interactive dashboard)
B5: Dataset: | C5: Hotel Booking Demand (Antonio, Almeida & Nunes, 2019) — 119,390 real, anonymised hotel bookings for a City Hotel and a Resort Hotel, 2015-2017
B6: Source: | C6: Originally published in the journal 'Data in Brief' (Elsevier). Public CSV mirror used here: rfordatascience/tidytuesday on GitHub
B7: This workbook uses: | C7: A random sample of 2,600 raw bookings (statistically representative of the full 119,390-row dataset) so every formula, calculated column and chart recalculates instantly. All headline business insights in the project report use the FULL 87,230-row cleaned dataset for maximum accuracy — see the accompanying 'hotels_cleaned_full.csv' file and the Insights & Recommendations document.
B9: SHEET GUIDE
B10: Raw Data | C10: Original, unedited sample as downloaded — includes real missing values and duplicate rows, plus audit formulas that detect them.
B11: Cleaning Log | C11: Documents every cleaning decision (missing values, duplicates, invalid rows) with formula-driven before/after counts.
B12: Cleaned Data | C12: The cleaned dataset with 8 new calculated columns (Excel formulas) ready for analysis. Source range for every table below.
B13: KPI Dashboard | C13: Headline KPI cards (Total Bookings, Cancellation Rate, Revenue, ADR, Lead Time, Nights) built with SUMIFS/COUNTIFS/AVERAGEIFS.
B14: Pivot - Cancellation | C14: Cancellation-rate breakdown by hotel type, lead-time bucket, deposit type and market segment, with charts.
B15: Pivot - Revenue | C15: Revenue and ADR by month, hotel type and market segment, with charts.
B16: Pivot - Room Type | C16: Booking volume, revenue and ADR by room type, with charts.
B17: Pivot - LeadTime & Stay | C17: Lead-time distribution and average stay duration by bucket/hotel/customer type/season, with charts.
B18: Pivot - Monthly Trend | C18: Month-by-month booking volume and cancellation-rate seasonality, with trend charts.
B19: Pivot - Customer Segment | C19: Bookings by customer type and market segment, with charts.
B21: HOW TO ADD NATIVE EXCEL PIVOTTABLES (recommended, takes 2 minutes)
B22: 1. Click any cell inside the 'Cleaned Data' table.
B23: 2. Go to Insert > PivotTable > New Worksheet.
B24: 3. Drag a category field (e.g. Reserved Room Type, Market Segment, Arrival Date Month) into ROWS.
B25: 4. Drag 'Booking ID' into VALUES (set to Count) and 'Total Revenue' / 'ADR' into VALUES (set to Sum / Average).
B26: 5. Drag 'Booking Status' into COLUMNS to split Cancelled vs Completed side by side.
B27: 6. Select the PivotTable > Insert > Recommended Charts to auto-generate a matching PivotChart.
B28: This workbook already reproduces the same numbers using SUMIFS / COUNTIFS / AVERAGEIFS formulas (the 'Pivot - ...' sheets),
B29: which shows the underlying formula logic rather than a black-box PivotTable. Adding a couple of native PivotTables on top
B30: satisfies both styles of requirement for a college submission.

Sheet Raw Data
A1: RAW DATA — as downloaded (sample of 2,600 bookings; real missing values & duplicates present) | AL1: RAW DATA AUDIT SUMMARY
AL2: Total rows | AM2: =COUNTA(A4:A2603) -> 2600
A3: booking_id | B3: hotel | C3: is_canceled | D3: lead_time | E3: arrival_date_year | F3: arrival_date_month | G3: arrival_date_week_number | H3: arrival_date_day_of_month | I3: stays_in_weekend_nights | J3: stays_in_week_nights | K3: adults | L3: children | M3: babies | N3: meal | O3: country | P3: market_segment | Q3: distribution_channel | R3: is_repeated_guest | S3: previous_cancellations | T3: previous_bookings_not_canceled | U3: reserved_room_type | V3: assigned_room_type | W3: booking_changes | X3: deposit_type | Y3: agent | Z3: company | AA3: days_in_waiting_list | AB3: customer_type | AC3: adr | AD3: required_car_parking_spaces | AE3: total_of_special_requests | AF3: reservation_status | AG3: reservation_status_date | AH3: Row Key (helper) | AI3: Duplicate Check | AJ3: Missing Values Check | AL3: Duplicate rows found | AM3: =COUNTIF(AI4:AI2603,"Duplicate") -> 257
A4: 1 | B4: Resort Hotel | C4: 0 | D4: 203 | E4: 2016 | F4: December | G4: 49 | H4: 2 | I4: 2 | J4: 5 | K4: 2 | L4: 0 | M4: 0 | N4: BB | O4: GBR | P4: Direct | Q4: Direct | R4: 0 | S4: 0 | T4: 0 | U4: F | V4: F | W4: 4 | X4: No Deposit | Y4: 250 | AA4: 0 | AB4: Transient | AC4: 66.8 | AD4: 0 | AE4: 0 | AF4: Check-Out | AG4: 42713 | AH4: =B4&"|"&C4&"|"&D4&"|"&E4&"|"&F4&"|"&G4&"|"&H4&"|"&I4&"|"&J4&"|"&K4&"|"&L4&"|"&M4&"|"&N4&"|"&O4&"|"&P4&"|"&Q4&"|"&R4&"|"&S4&"|"&T4&"|"&U4&"|"&V4&"|"&W4&"|"&X4&"|"&Y4&"|"&Z4&"|"&AA4&"|"&AB4&"|"&AC4&"|"&AD4&"|"&AE4&"|"&AF4&"|"&AG4 -> Resort Hotel|0|203|2016|December|49|2|2|5|2|0|0|BB|GBR|Direct|Direct|0|0|0|F|F|4|No Deposit|250||0|Transient|66.8|0|0|Check-Out|42713 | AI4: =IF(COUNTIF($AH$4:$AH$2603,AH4)>1,"Duplicate","Unique") -> Unique | AJ4: =IF(COUNTBLANK(B4:AG4)>0,"Missing ("&COUNTBLANK(B4:AG4)&")","Complete") -> Missing (1) | AL4: Rows with missing values | AM4: =COUNTIF(AJ4:AJ2603,"Missing*") -> 2595
A5: 2 | B5: City Hotel | C5: 1 | D5: 82 | E5: 2015 | F5: July | G5: 29 | H5: 16 | I5: 0 | J5: 3 | K5: 2 | L5: 0 | M5: 0 | N5: BB | O5: PRT | P5: Online TA | Q5: TA/TO | R5: 0 | S5: 0 | T5: 0 | U5: A | V5: A | W5: 0 | X5: No Deposit | Y5: 9 | AA5: 0 | AB5: Transient | AC5: 76.5 | AD5: 0 | AE5: 0 | AF5: Canceled | AG5: 42201 | AH5: =B5&"|"&C5&"|"&D5&"|"&E5&"|"&F5&"|"&G5&"|"&H5&"|"&I5&"|"&J5&"|"&K5&"|"&L5&"|"&M5&"|"&N5&"|"&O5&"|"&P5&"|"&Q5&"|"&R5&"|"&S5&"|"&T5&"|"&U5&"|"&V5&"|"&W5&"|"&X5&"|"&Y5&"|"&Z5&"|"&AA5&"|"&AB5&"|"&AC5&"|"&AD5&"|"&AE5&"|"&AF5&"|"&AG5 -> City Hotel|1|82|2015|July|29|16|0|3|2|0|0|BB|PRT|Online TA|TA/TO|0|0|0|A|A|0|No Deposit|9||0|Transient|76.5|0|0|Canceled|42201 | AI5: =IF(COUNTIF($AH$4:$AH$2603,AH5)>1,"Duplicate","Unique") -> Unique | AJ5: =IF(COUNTBLANK(B5:AG5)>0,"Missing ("&COUNTBLANK(B5:AG5)&")","Complete") -> Missing (1) | AL5: Missing - Country | AM5: =COUNTBLANK(O4:O2603) -> 11
A6: 3 | B6: City Hotel | C6: 0 | D6: 25 | E6: 2016 | F6: December | G6: 53 | H6: 27 | I6: 0 | J6: 3 | K6: 3 | L6: 0 | M6: 0 | N6: BB | O6: BRA | P6: Offline TA/TO | Q6: TA/TO | R6: 0 | S6: 0 | T6: 0 | U6: A | V6: K | W6: 2 | X6: No Deposit | Y6: 220 | AA6: 0 | AB6: Transient-Party | AC6: 60 | AD6: 0 | AE6: 1 | AF6: Check-Out | AG6: 42734 | AH6: =B6&"|"&C6&"|"&D6&"|"&E6&"|"&F6&"|"&G6&"|"&H6&"|"&I6&"|"&J6&"|"&K6&"|"&L6&"|"&M6&"|"&N6&"|"&O6&"|"&P6&"|"&Q6&"|"&R6&"|"&S6&"|"&T6&"|"&U6&"|"&V6&"|"&W6&"|"&X6&"|"&Y6&"|"&Z6&"|"&AA6&"|"&AB6&"|"&AC6&"|"&AD6&"|"&AE6&"|"&AF6&"|"&AG6 -> City Hotel|0|25|2016|December|53|27|0|3|3|0|0|BB|BRA|Offline TA/TO|TA/TO|0|0|0|A|K|2|No Deposit|220||0|Transient-Party|60|0|1|Check-Out|42734 | AI6: =IF(COUNTIF($AH$4:$AH$2603,AH6)>1,"Duplicate","Unique") -> Unique | AJ6: =IF(COUNTBLANK(B6:AG6)>0,"Missing ("&COUNTBLANK(B6:AG6)&")","Complete") -> Missing (1) | AL6: Missing - Agent | AM6: =COUNTBLANK(Y4:Y2603) -> 349
A7: 4 | B7: City Hotel | C7: 0 | D7: 1 | E7: 2016 | F7: March | G7: 11 | H7: 9 | I7: 0 | J7: 1 | K7: 1 | L7: 0 | M7: 0 | N7: BB | O7: SWE | P7: Online TA | Q7: TA/TO | R7: 0 | S7: 0 | T7: 0 | U7: A | V7: A | W7: 0 | X7: No Deposit | Y7: 9 | AA7: 0 | AB7: Transient-Party | AC7: 95 | AD7: 0 | AE7: 0 | AF7: Check-Out | AG7: 42439 | AH7: =B7&"|"&C7&"|"&D7&"|"&E7&"|"&F7&"|"&G7&"|"&H7&"|"&I7&"|"&J7&"|"&K7&"|"&L7&"|"&M7&"|"&N7&"|"&O7&"|"&P7&"|"&Q7&"|"&R7&"|"&S7&"|"&T7&"|"&U7&"|"&V7&"|"&W7&"|"&X7&"|"&Y7&"|"&Z7&"|"&AA7&"|"&AB7&"|"&AC7&"|"&AD7&"|"&AE7&"|"&AF7&"|"&AG7 -> City Hotel|0|1|2016|March|11|9|0|1|1|0|0|BB|SWE|Online TA|TA/TO|0|0|0|A|A|0|No Deposit|9||0|Transient-Party|95|0|0|Check-Out|42439 | AI7: =IF(COUNTIF($AH$4:$AH$2603,AH7)>1,"Duplicate","Unique") -> Unique | AJ7: =IF(COUNTBLANK(B7:AG7)>0,"Missing ("&COUNTBLANK(B7:AG7)&")","Complete") -> Missing (1) | AL7: Missing - Company | AM7: =COUNTBLANK(Z4:Z2603) -> 2460
A8: 5 | B8: City Hotel | C8: 0 | D8: 70 | E8: 2017 | F8: April | G8: 16 | H8: 16 | I8: 2 | J8: 2 | K8: 2 | L8: 0 | M8: 0 | N8: SC | O8: GBR | P8: Online TA | Q8: TA/TO | R8: 0 | S8: 0 | T8: 0 | U8: A | V8: A | W8: 0 | X8: No Deposit | Y8: 9 | AA8: 0 | AB8: Transient | AC8: 108 | AD8: 0 | AE8: 0 | AF8: Check-Out | AG8: 42845 | AH8: =B8&"|"&C8&"|"&D8&"|"&E8&"|"&F8&"|"&G8&"|"&H8&"|"&I8&"|"&J8&"|"&K8&"|"&L8&"|"&M8&"|"&N8&"|"&O8&"|"&P8&"|"&Q8&"|"&R8&"|"&S8&"|"&T8&"|"&U8&"|"&V8&"|"&W8&"|"&X8&"|"&Y8&"|"&Z8&"|"&AA8&"|"&AB8&"|"&AC8&"|"&AD8&"|"&AE8&"|"&AF8&"|"&AG8 -> City Hotel|0|70|2017|April|16|16|2|2|2|0|0|SC|GBR|Online TA|TA/TO|0|0|0|A|A|0|No Deposit|9||0|Transient|108|0|0|Check-Out|42845 | AI8: =IF(COUNTIF($AH$4:$AH$2603,AH8)>1,"Duplicate","Unique") -> Unique | AJ8: =IF(COUNTBLANK(B8:AG8)>0,"Missing ("&COUNTBLANK(B8:AG8)&")","Complete") -> Missing (1)
A9: 6 | B9: City Hotel | C9: 0 | D9: 170 | E9: 2017 | F9: April | G9: 17 | H9: 27 | I9: 0 | J9: 3 | K9: 2 | L9: 0 | M9: 0 | N9: BB | O9: DEU | P9: Online TA | Q9: TA/TO | R9: 0 | S9: 0 | T9: 0 | U9: D | V9: D | W9: 0 | X9: No Deposit | Y9: 9 | AA9: 0 | AB9: Transient | AC9: 130.5 | AD9: 0 | AE9: 0 | AF9: Check-Out | AG9: 42855 | AH9: =B9&"|"&C9&"|"&D9&"|"&E9&"|"&F9&"|"&G9&"|"&H9&"|"&I9&"|"&J9&"|"&K9&"|"&L9&"|"&M9&"|"&N9&"|"&O9&"|"&P9&"|"&Q9&"|"&R9&"|"&S9&"|"&T9&"|"&U9&"|"&V9&"|"&W9&"|"&X9&"|"&Y9&"|"&Z9&"|"&AA9&"|"&AB9&"|"&AC9&"|"&AD9&"|"&AE9&"|"&AF9&"|"&AG9 -> City Hotel|0|170|2017|April|17|27|0|3|2|0|0|BB|DEU|Online TA|TA/TO|0|0|0|D|D|0|No Deposit|9||0|Transient|130.5|0|0|Check-Out|42855 | AI9: =IF(COUNTIF($AH$4:$AH$2603,AH9)>1,"Duplicate","Unique") -> Unique | AJ9: =IF(COUNTBLANK(B9:AG9)>0,"Missing ("&COUNTBLANK(B9:AG9)&")","Complete") -> Missing (1)
A10: 7 | B10: City Hotel | C10: 1 | D10: 21 | E10: 2016 | F10: March | G10: 10 | H10: 4 | I10: 0 | J10: 1 | K10: 1 | L10: 0 | M10: 0 | N10: BB | O10: SVN | P10: Online TA | Q10: TA/TO | R10: 0 | S10: 0 | T10: 0 | U10: A | V10: A | W10: 0 | X10: No Deposit | Y10: 9 | AA10: 0 | AB10: Transient-Party | AC10: 85 | AD10: 0 | AE10: 0 | AF10: Canceled | AG10: 42426 | AH10: =B10&"|"&C10&"|"&D10&"|"&E10&"|"&F10&"|"&G10&"|"&H10&"|"&I10&"|"&J10&"|"&K10&"|"&L10&"|"&M10&"|"&N10&"|"&O10&"|"&P10&"|"&Q10&"|"&R10&"|"&S10&"|"&T10&"|"&U10&"|"&V10&"|"&W10&"|"&X10&"|"&Y10&"|"&Z10&"|"&AA10&"|"&AB10&"|"&AC10&"|"&AD10&"|"&AE10&"|"&AF10&"|"&AG10 -> City Hotel|1|21|2016|March|10|4|0|1|1|0|0|BB|SVN|Online TA|TA/TO|0|0|0|A|A|0|No Deposit|9||0|Transient-Party|85|0|0|Canceled|42426 | AI10: =IF(COUNTIF($AH$4:$AH$2603,AH10)>1,"Duplicate","Unique") -> Unique | AJ10: =IF(COUNTBLANK(B10:AG10)>0,"Missing ("&COUNTBLANK(B10:AG10)&")","Complete") -> Missing (1)
A11: 8 | B11: City Hotel | C11: 0 | D11: 102 | E11: 2015 | F11: October | G11: 42 | H11: 16 | I11: 0 | J11: 2 | K11: 2 | L11: 0 | M11: 0 | N11: HB | O11: DEU | P11: Offline TA/TO | Q11: TA/TO | R11: 0 | S11: 0 | T11: 0 | U11: A | V11: D | W11: 0 | X11: No Deposit | Y11: 6 | AA11: 0 | AB11: Transient-Party | AC11: 109 | AD11: 0 | AE11: 0 | AF11: Check-Out | AG11: 42295 | AH11: =B11&"|"&C11&"|"&D11&"|"&E11&"|"&F11&"|"&G11&"|"&H11&"|"&I11&"|"&J11&"|"&K11&"|"&L11&"|"&M11&"|"&N11&"|"&O11&"|"&P11&"|"&Q11&"|"&R11&"|"&S11&"|"&T11&"|"&U11&"|"&V11&"|"&W11&"|"&X11&"|"&Y11&"|"&Z11&"|"&AA11&"|"&AB11&"|"&AC11&"|"&AD11&"|"&AE11&"|"&AF11&"|"&AG11 -> City Hotel|0|102|2015|October|42|16|0|2|2|0|0|HB|DEU|Offline TA/TO|TA/TO|0|0|0|A|D|0|No Deposit|6||0|Transient-Party|109|0|0|Check-Out|42295 | AI11: =IF(COUNTIF($AH$4:$AH$2603,AH11)>1,"Duplicate","Unique") -> Unique | AJ11: =IF(COUNTBLANK(B11:AG11)>0,"Missing ("&COUNTBLANK(B11:AG11)&")","Complete") -> Missing (1)
A12: 9 | B12: Resort Hotel | C12: 0 | D12: 55 | E12: 2016 | F12: November | G12: 47 | H12: 19 | I12: 2 | J12: 5 | K12: 2 | L12: 0 | M12: 0 | N12: HB | O12: GBR | P12: Online TA | Q12: TA/TO | R12: 0 | S12: 0 | T12: 0 | U12: D | V12: D | W12: 1 | X12: No Deposit | Y12: 314 | AA12: 0 | AB12: Transient | AC12: 67.44 | AD12: 0 | AE12: 0 | AF12: Check-Out | AG12: 42700 | AH12: =B12&"|"&C12&"|"&D12&"|"&E12&"|"&F12&"|"&G12&"|"&H12&"|"&I12&"|"&J12&"|"&K12&"|"&L12&"|"&M12&"|"&N12&"|"&O12&"|"&P12&"|"&Q12&"|"&R12&"|"&S12&"|"&T12&"|"&U12&"|"&V12&"|"&W12&"|"&X12&"|"&Y12&"|"&Z12&"|"&AA12&"|"&AB12&"|"&AC12&"|"&AD12&"|"&AE12&"|"&AF12&"|"&AG12 -> Resort Hotel|0|55|2016|November|47|19|2|5|2|0|0|HB|GBR|Online TA|TA/TO|0|0|0|D|D|1|No Deposit|314||0|Transient|67.44|0|0|Check-Out|42700 | AI12: =IF(COUNTIF($AH$4:$AH$2603,AH12)>1,"Duplicate","Unique") -> Unique | AJ12: =IF(COUNTBLANK(B12:AG12)>0,"Missing ("&COUNTBLANK(B12:AG12)&")","Complete") -> Missing (1)
A13: 10 | B13: Resort Hotel | C13: 0 | D13: 222 | E13: 2015 | F13: September | G13: 38 | H13: 14 | I13: 1 | J13: 1 | K13: 2 | L13: 0 | M13: 0 | N13: HB | O13: ESP | P13: Groups | Q13: TA/TO | R13: 0 | S13: 0 | T13: 0 | U13: A | V13: A | W13: 0 | X13: No Deposit | Y13: 68 | AA13: 0 | AB13: Transient | AC13: 80 | AD13: 0 | AE13: 0 | AF13: Check-Out | AG13: 42263 | AH13: =B13&"|"&C13&"|"&D13&"|"&E13&"|"&F13&"|"&G13&"|"&H13&"|"&I13&"|"&J13&"|"&K13&"|"&L13&"|"&M13&"|"&N13&"|"&O13&"|"&P13&"|"&Q13&"|"&R13&"|"&S13&"|"&T13&"|"&U13&"|"&V13&"|"&W13&"|"&X13&"|"&Y13&"|"&Z13&"|"&AA13&"|"&AB13&"|"&AC13&"|"&AD13&"|"&AE13&"|"&AF13&"|"&AG13 -> Resort Hotel|0|222|2015|September|38|14|1|1|2|0|0|HB|ESP|Groups|TA/TO|0|0|0|A|A|0|No Deposit|68||0|Transient|80|0|0|Check-Out|42263 | AI13: =IF(COUNTIF($AH$4:$AH$2603,AH13)>1,"Duplicate","Unique") -> Unique | AJ13: =IF(COUNTBLANK(B13:AG13)>0,"Missing ("&COUNTBLANK(B13:AG13)&")","Complete") -> Missing (1)
A14: 11 | B14: Resort Hotel | C14: 0 | D14: 120 | E14: 2016 | F14: December | G14: 53 | H14: 26 | I14: 1 | J14: 3 | K14: 2 | L14: 0 | M14: 0 | N14: BB | O14: BEL | P14: Online TA | Q14: TA/TO | R14: 0 | S14: 0 | T14: 0 | U14: D | V14: D | W14: 0 | X14: No Deposit | Y14: 240 | AA14: 0 | AB14: Transient-Party | AC14: 54.8 | AD14: 1 | AE14: 3 | AF14: Check-Out | AG14: 42734 | AH14: =B14&"|"&C14&"|"&D14&"|"&E14&"|"&F14&"|"&G14&"|"&H14&"|"&I14&"|"&J14&"|"&K14&"|"&L14&"|"&M14&"|"&N14&"|"&O14&"|"&P14&"|"&Q14&"|"&R14&"|"&S14&"|"&T14&"|"&U14&"|"&V14&"|"&W14&"|"&X14&"|"&Y14&"|"&Z14&"|"&AA14&"|"&AB14&"|"&AC14&"|"&AD14&"|"&AE14&"|"&AF14&"|"&AG14 -> Resort Hotel|0|120|2016|December|53|26|1|3|2|0|0|BB|BEL|Online TA|TA/TO|0|0|0|D|D|0|No Deposit|240||0|Transient-Party|54.8|1|3|Check-Out|42734 | AI14: =IF(COUNTIF($AH$4:$AH$2603,AH14)>1,"Duplicate","Unique") -> Unique | AJ14: =IF(COUNTBLANK(B14:AG14)>0,"Missing ("&COUNTBLANK(B14:AG14)&")","Complete") -> Missing (1)
A15: 12 | B15: City Hotel | C15: 1 | D15: 88 | E15: 2017 | F15: February | G15: 7 | H15: 17 | I15: 0 | J15: 2 | K15: 2 | L15: 0 | M15: 0 | N15: SC | O15: DEU | P15: Online TA | Q15: TA/TO | R15: 0 | S15: 0 | T15: 0 | U15: A | V15: A | W15: 0 | X15: No Deposit | Y15: 9 | AA15: 0 | AB15: Transient | AC15: 79.2 | AD15: 0 | AE15: 0 | AF15: Canceled | AG15: 42699 | AH15: =B15&"|"&C15&"|"&D15&"|"&E15&"|"&F15&"|"&G15&"|"&H15&"|"&I15&"|"&J15&"|"&K15&"|"&L15&"|"&M15&"|"&N15&"|"&O15&"|"&P15&"|"&Q15&"|"&R15&"|"&S15&"|"&T15&"|"&U15&"|"&V15&"|"&W15&"|"&X15&"|"&Y15&"|"&Z15&"|"&AA15&"|"&AB15&"|"&AC15&"|"&AD15&"|"&AE15&"|"&AF15&"|"&AG15 -> City Hotel|1|88|2017|February|7|17|0|2|2|0|0|SC|DEU|Online TA|TA/TO|0|0|0|A|A|0|No Deposit|9||0|Transient|79.2|0|0|Canceled|42699 | AI15: =IF(COUNTIF($AH$4:$AH$2603,AH15)>1,"Duplicate","Unique") -> Unique | AJ15: =IF(COUNTBLANK(B15:AG15)>0,"Missing ("&COUNTBLANK(B15:AG15)&")","Complete") -> Missing (1)
A16: 13 | B16: Resort Hotel | C16: 0 | D16: 79 | E16: 2015 | F16: December | G16: 52 | H16: 24 | I16: 2 | J16: 5 | K16: 2 | L16: 0 | M16: 0 | N16: HB | O16: GBR | P16: Offline TA/TO | Q16: TA/TO | R16: 0 | S16: 0 | T16: 0 | U16: A | V16: A | W16: 0 | X16: No Deposit | Y16: 156 | AA16: 0 | AB16: Transient | AC16: 57.29 | AD16: 0 | AE16: 2 | AF16: Check-Out | AG16: 42369 | AH16: =B16&"|"&C16&"|"&D16&"|"&E16&"|"&F16&"|"&G16&"|"&H16&"|"&I16&"|"&J16&"|"&K16&"|"&L16&"|"&M16&"|"&N16&"|"&O16&"|"&P16&"|"&Q16&"|"&R16&"|"&S16&"|"&T16&"|"&U16&"|"&V16&"|"&W16&"|"&X16&"|"&Y16&"|"&Z16&"|"&AA16&"|"&AB16&"|"&AC16&"|"&AD16&"|"&AE16&"|"&AF16&"|"&AG16 -> Resort Hotel|0|79|2015|December|52|24|2|5|2|0|0|HB|GBR|Offline TA/TO|TA/TO|0|0|0|A|A|0|No Deposit|156||0|Transient|57.29|0|2|Check-Out|42369 | AI16: =IF(COUNTIF($AH$4:$AH$2603,AH16)>1,"Duplicate","Unique") -> Unique | AJ16: =IF(COUNTBLANK(B16:AG16)>0,"Missing ("&COUNTBLANK(B16:AG16)&")","Complete") -> Missing (1)
A17: 14 | B17: City Hotel | C17: 0 | D17: 41 | E17: 2016 | F17: August | G17: 34 | H17: 15 | I17: 1 | J17: 2 | K17: 2 | L17: 0 | M17: 0 | N17: BB | O17: PRT | P17: Offline TA/TO | Q17: TA/TO | R17: 0 | S17: 0 | T17: 0 | U17: A | V17: A | W17: 0 | X17: No Deposit | Y17: 28 | AA17: 0 | AB17: Transient | AC17: 76.5 | AD17: 0 | AE17: 0 | AF17: Check-Out | AG17: 42600 | AH17: =B17&"|"&C17&"|"&D17&"|"&E17&"|"&F17&"|"&G17&"|"&H17&"|"&I17&"|"&J17&"|"&K17&"|"&L17&"|"&M17&"|"&N17&"|"&O17&"|"&P17&"|"&Q17&"|"&R17&"|"&S17&"|"&T17&"|"&U17&"|"&V17&"|"&W17&"|"&X17&"|"&Y17&"|"&Z17&"|"&AA17&"|"&AB17&"|"&AC17&"|"&AD17&"|"&AE17&"|"&AF17&"|"&AG17 -> City Hotel|0|41|2016|August|34|15|1|2|2|0|0|BB|PRT|Offline TA/TO|TA/TO|0|0|0|A|A|0|No Deposit|28||0|Transient|76.5|0|0|Check-Out|42600 | AI17: =IF(COUNTIF($AH$4:$AH$2603,AH17)>1,"Duplicate","Unique") -> Unique | AJ17: =IF(COUNTBLANK(B17:AG17)>0,"Missing ("&COUNTBLANK(B17:AG17)&")","Complete") -> Missing (1)
A18: 15 | B18: City Hotel | C18: 1 | D18: 239 | E18: 2015 | F18: October | G18: 42 | H18: 17 | I18: 0 | J18: 1 | K18: 2 | L18: 0 | M18: 0 | N18: BB | O18: PRT | P18: Groups | Q18: TA/TO | R18: 0 | S18: 1 | T18: 0 | U18: A | V18: A | W18: 0 | X18: Non Refund | Y18: 1 | AA18: 0 | AB18: Transient | AC18: 60 | AD18: 0 | AE18: 0 | AF18: Canceled | AG18: 42233 | AH18: =B18&"|"&C18&"|"&D18&"|"&E18&"|"&F18&"|"&G18&"|"&H18&"|"&I18&"|"&J18&"|"&K18&"|"&L18&"|"&M18&"|"&N18&"|"&O18&"|"&P18&"|"&Q18&"|"&R18&"|"&S18&"|"&T18&"|"&U18&"|"&V18&"|"&W18&"|"&X18&"|"&Y18&"|"&Z18&"|"&AA18&"|"&AB18&"|"&AC18&"|"&AD18&"|"&AE18&"|"&AF18&"|"&AG18 -> City Hotel|1|239|2015|October|42|17|0|1|2|0|0|BB|PRT|Groups|TA/TO|0|1|0|A|A|0|Non Refund|1||0|Transient|60|0|0|Canceled|42233 | AI18: =IF(COUNTIF($AH$4:$AH$2603,AH18)>1,"Duplicate","Unique") -> Unique | AJ18: =IF(COUNTBLANK(B18:AG18)>0,"Missing ("&COUNTBLANK(B18:AG18)&")","Complete") -> Missing (1)
A19: 16 | B19: Resort Hotel | C19: 0 | D19: 23 | E19: 2017 | F19: April | G19: 16 | H19: 20 | I19: 0 | J19: 2 | K19: 2 | L19: 0 | M19: 0 | N19: BB | O19: GBR | P19: Groups | Q19: Direct | R19: 0 | S19: 0 | T19: 0 | U19: A | V19: A | W19: 0 | X19: No Deposit | AA19: 0 | AB19: Transient-Party | AC19: 99 | AD19: 1 | AE19: 0 | AF19: Check-Out | AG19: 42847 | AH19: =B19&"|"&C19&"|"&D19&"|"&E19&"|"&F19&"|"&G19&"|"&H19&"|"&I19&"|"&J19&"|"&K19&"|"&L19&"|"&M19&"|"&N19&"|"&O19&"|"&P19&"|"&Q19&"|"&R19&"|"&S19&"|"&T19&"|"&U19&"|"&V19&"|"&W19&"|"&X19&"|"&Y19&"|"&Z19&"|"&AA19&"|"&AB19&"|"&AC19&"|"&AD19&"|"&AE19&"|"&AF19&"|"&AG19 -> Resort Hotel|0|23|2017|April|16|20|0|2|2|0|0|BB|GBR|Groups|Direct|0|0|0|A|A|0|No Deposit|||0|Transient-Party|99|1|0|Check-Out|42847 | AI19: =IF(COUNTIF($AH$4:$AH$2603,AH19)>1,"Duplicate","Unique") -> Unique | AJ19: =IF(COUNTBLANK(B19:AG19)>0,"Missing ("&COUNTBLANK(B19:AG19)&")","Complete") -> Missing (2)
A20: 17 | B20: Resort Hotel | C20: 0 | D20: 34 | E20: 2016 | F20: December | G20: 50 | H20: 9 | I20: 0 | J20: 1 | K20: 2 | L20: 0 | M20: 0 | N20: BB | O20: PRT | P20: Online TA | Q20: TA/TO | R20: 0 | S20: 0 | T20: 0 | U20: A | V20: D | W20: 0 | X20: No Deposit | Y20: 240 | AA20: 0 | AB20: Transient | AC20: 48 | AD20: 0 | AE20: 1 | AF20: Check-Out | AG20: 42714 | AH20: =B20&"|"&C20&"|"&D20&"|"&E20&"|"&F20&"|"&G20&"|"&H20&"|"&I20&"|"&J20&"|"&K20&"|"&L20&"|"&M20&"|"&N20&"|"&O20&"|"&P20&"|"&Q20&"|"&R20&"|"&S20&"|"&T20&"|"&U20&"|"&V20&"|"&W20&"|"&X20&"|"&Y20&"|"&Z20&"|"&AA20&"|"&AB20&"|"&AC20&"|"&AD20&"|"&AE20&"|"&AF20&"|"&AG20 -> Resort Hotel|0|34|2016|December|50|9|0|1|2|0|0|BB|PRT|Online TA|TA/TO|0|0|0|A|D|0|No Deposit|240||0|Transient|48|0|1|Check-Out|42714 | AI20: =IF(COUNTIF($AH$4:$AH$2603,AH20)>1,"Duplicate","Unique") -> Unique | AJ20: =IF(COUNTBLANK(B20:AG20)>0,"Missing ("&COUNTBLANK(B20:AG20)&")","Complete") -> Missing (1)
A21: 18 | B21: City Hotel | C21: 1 | D21: 38 | E21: 2016 | F21: May | G21: 19 | H21: 6 | I21: 2 | J21: 3 | K21: 2 | L21: 1 | M21: 0 | N21: HB | O21: FRA | P21: Online TA | Q21: TA/TO | R21: 0 | S21: 0 | T21: 0 | U21: A | V21: A | W21: 0 | X21: No Deposit | Y21: 9 | AA21: 0 | AB21: Transient | AC21: 149.68 | AD21: 0 | AE21: 0 | AF21: Canceled | AG21: 42491 | AH21: =B21&"|"&C21&"|"&D21&"|"&E21&"|"&F21&"|"&G21&"|"&H21&"|"&I21&"|"&J21&"|"&K21&"|"&L21&"|"&M21&"|"&N21&"|"&O21&"|"&P21&"|"&Q21&"|"&R21&"|"&S21&"|"&T21&"|"&U21&"|"&V21&"|"&W21&"|"&X21&"|"&Y21&"|"&Z21&"|"&AA21&"|"&AB21&"|"&AC21&"|"&AD21&"|"&AE21&"|"&AF21&"|"&AG21 -> City Hotel|1|38|2016|May|19|6|2|3|2|1|0|HB|FRA|Online TA|TA/TO|0|0|0|A|A|0|No Deposit|9||0|Transient|149.68|0|0|Canceled|42491 | AI21: =IF(COUNTIF($AH$4:$AH$2603,AH21)>1,"Duplicate","Unique") -> Unique | AJ21: =IF(COUNTBLANK(B21:AG21)>0,"Missing ("&COUNTBLANK(B21:AG21)&")","Complete") -> Missing (1)
A22: 19 | B22: City Hotel | C22: 0 | D22: 160 | E22: 2017 | F22: July | G22: 28 | H22: 15 | I22: 2 | J22: 5 | K22: 2 | L22: 0 | M22: 0 | N22: BB | O22: FRA | P22: Online TA | Q22: TA/TO | R22: 0 | S22: 0 | T22: 0 | U22: A | V22: A | W22: 0 | X22: No Deposit | Y22: 7 | AA22: 0 | AB22: Transient | AC22: 78.35 | AD22: 0 | AE22: 1 | AF22: Check-Out | AG22: 42938 | AH22: =B22&"|"&C22&"|"&D22&"|"&E22&"|"&F22&"|"&G22&"|"&H22&"|"&I22&"|"&J22&"|"&K22&"|"&L22&"|"&M22&"|"&N22&"|"&O22&"|"&P22&"|"&Q22&"|"&R22&"|"&S22&"|"&T22&"|"&U22&"|"&V22&"|"&W22&"|"&X22&"|"&Y22&"|"&Z22&"|"&AA22&"|"&AB22&"|"&AC22&"|"&AD22&"|"&AE22&"|"&AF22&"|"&AG22 -> City Hotel|0|160|2017|July|28|15|2|5|2|0|0|BB|FRA|Online TA|TA/TO|0|0|0|A|A|0|No Deposit|7||0|Transient|78.35|0|1|Check-Out|42938 | AI22: =IF(COUNTIF($AH$4:$AH$2603,AH22)>1,"Duplicate","Unique") -> Unique | AJ22: =IF(COUNTBLANK(B22:AG22)>0,"Missing ("&COUNTBLANK(B22:AG22)&")","Complete") -> Missing (1)
A23: 20 | B23: Resort Hotel | C23: 0 | D23: 32 | E23: 2016 | F23: October | G23: 44 | H23: 27 | I23: 2 | J23: 5 | K23: 2 | L23: 0 | M23: 0 | N23: BB | O23: FRA | P23: Direct | Q23: Direct | R23: 0 | S23: 0 | T23: 0 | U23: F | V23: F | W23: 0 | X23: No Deposit | Y23: 250 | AA23: 0 | AB23: Transient | AC23: 91.85 | AD23: 1 | AE23: 0 | AF23: Check-Out | AG23: 42677 | AH23: =B23&"|"&C23&"|"&D23&"|"&E23&"|"&F23&"|"&G23&"|"&H23&"|"&I23&"|"&J23&"|"&K23&"|"&L23&"|"&M23&"|"&N23&"|"&O23&"|"&P23&"|"&Q23&"|"&R23&"|"&S23&"|"&T23&"|"&U23&"|"&V23&"|"&W23&"|"&X23&"|"&Y23&"|"&Z23&"|"&AA23&"|"&AB23&"|"&AC23&"|"&AD23&"|"&AE23&"|"&AF23&"|"&AG23 -> Resort Hotel|0|32|2016|October|44|27|2|5|2|0|0|BB|FRA|Direct|Direct|0|0|0|F|F|0|No Deposit|250||0|Transient|91.85|1|0|Check-Out|42677 | AI23: =IF(COUNTIF($AH$4:$AH$2603,AH23)>1,"Duplicate","Unique") -> Unique | AJ23: =IF(COUNTBLANK(B23:AG23)>0,"Missing ("&COUNTBLANK(B23:AG23)&")","Complete") -> Missing (1)
A24: 21 | B24: Resort Hotel | C24: 0 | D24: 56 | E24: 2016 | F24: March | G24: 14 | H24: 29 | I24: 0 | J24: 4 | K24: 2 | L24: 0 | M24: 0 | N24: BB | O24: PRT | P24: Online TA | Q24: TA/TO | R24: 0 | S24: 0 | T24: 0 | U24: A | V24: A | W24: 0 | X24: No Deposit | Y24: 240 | AA24: 0 | AB24: Transient | AC24: 58 | AD24: 1 | AE24: 1 | AF24: Check-Out | AG24: 42462 | AH24: =B24&"|"&C24&"|"&D24&"|"&E24&"|"&F24&"|"&G24&"|"&H24&"|"&I24&"|"&J24&"|"&K24&"|"&L24&"|"&M24&"|"&N24&"|"&O24&"|"&P24&"|"&Q24&"|"&R24&"|"&S24&"|"&T24&"|"&U24&"|"&V24&"|"&W24&"|"&X24&"|"&Y24&"|"&Z24&"|"&AA24&"|"&AB24&"|"&AC24&"|"&AD24&"|"&AE24&"|"&AF24&"|"&AG24 -> Resort Hotel|0|56|2016|March|14|29|0|4|2|0|0|BB|PRT|Online TA|TA/TO|0|0|0|A|A|0|No Deposit|240||0|Transient|58|1|1|Check-Out|42462 | AI24: =IF(COUNTIF($AH$4:$AH$2603,AH24)>1,"Duplicate","Unique") -> Unique | AJ24: =IF(COUNTBLANK(B24:AG24)>0,"Missing ("&COUNTBLANK(B24:AG24)&")","Complete") -> Missing (1)
A25: 22 | B25: City Hotel | C25: 1 | D25: 97 | E25: 2015 | F25: October | G25: 41 | H25: 5 | I25: 1 | J25: 3 | K25: 1 | L25: 0 | M25: 0 | N25: BB | O25: PRT | P25: Groups | Q25: TA/TO | R25: 0 | S25: 0 | T25: 0 | U25: A | V25: A | W25: 0 | X25: Non Refund | Y25: 29 | AA25: 0 | AB25: Transient | AC25: 140 | AD25: 0 | AE25: 0 | AF25: Canceled | AG25: 42188 | AH25: =B25&"|"&C25&"|"&D25&"|"&E25&"|"&F25&"|"&G25&"|"&H25&"|"&I25&"|"&J25&"|"&K25&"|"&L25&"|"&M25&"|"&N25&"|"&O25&"|"&P25&"|"&Q25&"|"&R25&"|"&S25&"|"&T25&"|"&U25&"|"&V25&"|"&W25&"|"&X25&"|"&Y25&"|"&Z25&"|"&AA25&"|"&AB25&"|"&AC25&"|"&AD25&"|"&AE25&"|"&AF25&"|"&AG25 -> City Hotel|1|97|2015|October|41|5|1|3|1|0|0|BB|PRT|Groups|TA/TO|0|0|0|A|A|0|Non Refund|29||0|Transient|140|0|0|Canceled|42188 | AI25: =IF(COUNTIF($AH$4:$AH$2603,AH25)>1,"Duplicate","Unique") -> Duplicate | AJ25: =IF(COUNTBLANK(B25:AG25)>0,"Missing ("&COUNTBLANK(B25:AG25)&")","Complete") -> Missing (1)
A26: 23 | B26: Resort Hotel | C26: 0 | D26: 85 | E26: 2017 | F26: April | G26: 16 | H26: 19 | I26: 1 | J26: 4 | K26: 2 | L26: 0 | M26: 0 | N26: BB | O26: USA | P26: Direct | Q26: Direct | R26: 0 | S26: 0 | T26: 0 | U26: E | V26: E | W26: 2 | X26: No Deposit | AA26: 0 | AB26: Transient-Party | AC26: 74.6 | AD26: 0 | AE26: 1 | AF26: Check-Out | AG26: 42849 | AH26: =B26&"|"&C26&"|"&D26&"|"&E26&"|"&F26&"|"&G26&"|"&H26&"|"&I26&"|"&J26&"|"&K26&"|"&L26&"|"&M26&"|"&N26&"|"&O26&"|"&P26&"|"&Q26&"|"&R26&"|"&S26&"|"&T26&"|"&U26&"|"&V26&"|"&W26&"|"&X26&"|"&Y26&"|"&Z26&"|"&AA26&"|"&AB26&"|"&AC26&"|"&AD26&"|"&AE26&"|"&AF26&"|"&AG26 -> Resort Hotel|0|85|2017|April|16|19|1|4|2|0|0|BB|USA|Direct|Direct|0|0|0|E|E|2|No Deposit|||0|Transient-Party|74.6|0|1|Check-Out|42849 | AI26: =IF(COUNTIF($AH$4:$AH$2603,AH26)>1,"Duplicate","Unique") -> Unique | AJ26: =IF(COUNTBLANK(B26:AG26)>0,"Missing ("&COUNTBLANK(B26:AG26)&")","Complete") -> Missing (2)
A27: 24 | B27: City Hotel | C27: 0 | D27: 278 | E27: 2017 | F27: July | G27: 30 | H27: 26 | I27: 0 | J27: 4 | K27: 3 | L27: 0 | M27: 0 | N27: BB | O27: DEU | P27: Online TA | Q27: TA/TO | R27: 0 | S27: 0 | T27: 0 | U27: D | V27: D | W27: 0 | X27: No Deposit | Y27: 9 | AA27: 0 | AB27: Transient | AC27: 165.6 | AD27: 0 | AE27: 2 | AF27: Check-Out | AG27: 42946 | AH27: =B27&"|"&C27&"|"&D27&"|"&E27&"|"&F27&"|"&G27&"|"&H27&"|"&I27&"|"&J27&"|"&K27&"|"&L27&"|"&M27&"|"&N27&"|"&O27&"|"&P27&"|"&Q27&"|"&R27&"|"&S27&"|"&T27&"|"&U27&"|"&V27&"|"&W27&"|"&X27&"|"&Y27&"|"&Z27&"|"&AA27&"|"&AB27&"|"&AC27&"|"&AD27&"|"&AE27&"|"&AF27&"|"&AG27 -> City Hotel|0|278|2017|July|30|26|0|4|3|0|0|BB|DEU|Online TA|TA/TO|0|0|0|D|D|0|No Deposit|9||0|Transient|165.6|0|2|Check-Out|42946 | AI27: =IF(COUNTIF($AH$4:$AH$2603,AH27)>1,"Duplicate","Unique") -> Unique | AJ27: =IF(COUNTBLANK(B27:AG27)>0,"Missing ("&COUNTBLANK(B27:AG27)&")","Complete") -> Missing (1)
A28: 25 | B28: City Hotel | C28: 1 | D28: 175 | E28: 2016 | F28: August | G28: 33 | H28: 10 | I28: 0 | J28: 4 | K28: 2 | L28: 0 | M28: 0 | N28: BB | O28: GBR | P28: Online TA | Q28: TA/TO | R28: 0 | S28: 0 | T28: 0 | U28: A | V28: A | W28: 0 | X28: No Deposit | Y28: 9 | AA28: 0 | AB28: Transient | AC28: 99.45 | AD28: 0 | AE28: 0 | AF28: Canceled | AG28: 42430 | AH28: =B28&"|"&C28&"|"&D28&"|"&E28&"|"&F28&"|"&G28&"|"&H28&"|"&I28&"|"&J28&"|"&K28&"|"&L28&"|"&M28&"|"&N28&"|"&O28&"|"&P28&"|"&Q28&"|"&R28&"|"&S28&"|"&T28&"|"&U28&"|"&V28&"|"&W28&"|"&X28&"|"&Y28&"|"&Z28&"|"&AA28&"|"&AB28&"|"&AC28&"|"&AD28&"|"&AE28&"|"&AF28&"|"&AG28 -> City Hotel|1|175|2016|August|33|10|0|4|2|0|0|BB|GBR|Online TA|TA/TO|0|0|0|A|A|0|No Deposit|9||0|Transient|99.45|0|0|Canceled|42430 | AI28: =IF(COUNTIF($AH$4:$AH$2603,AH28)>1,"Duplicate","Unique") -> Unique | AJ28: =IF(COUNTBLANK(B28:AG28)>0,"Missing ("&COUNTBLANK(B28:AG28)&")","Complete") -> Missing (1)
A29: 26 | B29: City Hotel | C29: 1 | D29: 26 | E29: 2017 | F29: May | G29: 21 | H29: 22 | I29: 1 | J29: 1 | K29: 2 | L29: 0 | M29: 0 | N29: BB | O29: PRT | P29: Offline TA/TO | Q29: TA/TO | R29: 0 | S29: 0 | T29: 0 | U29: A | V29: A | W29: 0 | X29: Non Refund | Y29: 3 | AA29: 0 | AB29: Transient | AC29: 128 | AD29: 0 | AE29: 0 | AF29: Canceled | AG29: 42851 | AH29: =B29&"|"&C29&"|"&D29&"|"&E29&"|"&F29&"|"&G29&"|"&H29&"|"&I29&"|"&J29&"|"&K29&"|"&L29&"|"&M29&"|"&N29&"|"&O29&"|"&P29&"|"&Q29&"|"&R29&"|"&S29&"|"&T29&"|"&U29&"|"&V29&"|"&W29&"|"&X29&"|"&Y29&"|"&Z29&"|"&AA29&"|"&AB29&"|"&AC29&"|"&AD29&"|"&AE29&"|"&AF29&"|"&AG29 -> City Hotel|1|26|2017|May|21|22|1|1|2|0|0|BB|PRT|Offline TA/TO|TA/TO|0|0|0|A|A|0|Non Refund|3||0|Transient|128|0|0|Canceled|42851 | AI29: =IF(COUNTIF($AH$4:$AH$2603,AH29)>1,"Duplicate","Unique") -> Unique | AJ29: =IF(COUNTBLANK(B29:AG29)>0,"Missing ("&COUNTBLANK(B29:AG29)&")","Complete") -> Missing (1)
A30: 27 | B30: City Hotel | C30: 1 | D30: 360 | E30: 2015 | F30: October | G30: 42 | H30: 12 | I30: 1 | J30: 1 | K30: 2 | L30: 0 | M30: 0 | N30: BB | O30: PRT | P30: Groups | Q30: TA/TO | R30: 0 | S30: 1 | T30: 0 | U30: A | V30: A | W30: 0 | X30: Non Refund | Y30: 1 | AA30: 0 | AB30: Contract | AC30: 62 | AD30: 0 | AE30: 0 | AF30: Canceled | AG30: 42005 | AH30: =B30&"|"&C30&"|"&D30&"|"&E30&"|"&F30&"|"&G30&"|"&H30&"|"&I30&"|"&J30&"|"&K30&"|"&L30&"|"&M30&"|"&N30&"|"&O30&"|"&P30&"|"&Q30&"|"&R30&"|"&S30&"|"&T30&"|"&U30&"|"&V30&"|"&W30&"|"&X30&"|"&Y30&"|"&Z30&"|"&AA30&"|"&AB30&"|"&AC30&"|"&AD30&"|"&AE30&"|"&AF30&"|"&AG30 -> City Hotel|1|360|2015|October|42|12|1|1|2|0|0|BB|PRT|Groups|TA/TO|0|1|0|A|A|0|Non Refund|1||0|Contract|62|0|0|Canceled|42005 | AI30: =IF(COUNTIF($AH$4:$AH$2603,AH30)>1,"Duplicate","Unique") -> Unique | AJ30: =IF(COUNTBLANK(B30:AG30)>0,"Missing ("&COUNTBLANK(B30:AG30)&")","Complete") -> Missing (1)
A31: 28 | B31: Resort Hotel | C31: 1 | D31: 378 | E31: 2016 | F31: November | G31: 45 | H31: 1 | I31: 0 | J31: 2 | K31: 2 | L31: 0 | M31: 0 | N31: BB | O31: PRT | P31: Groups | Q31: TA/TO | R31: 0 | S31: 0 | T31: 0 | U31: A | V31: A | W31: 0 | X31: Non Refund | Y31: 248 | AA31: 0 | AB31: Transient | AC31: 46 | AD31: 0 | AE31: 0 | AF31: Canceled | AG31: 42661 | AH31: =B31&"|"&C31&"|"&D31&"|"&E31&"|"&F31&"|"&G31&"|"&H31&"|"&I31&"|"&J31&"|"&K31&"|"&L31&"|"&M31&"|"&N31&"|"&O31&"|"&P31&"|"&Q31&"|"&R31&"|"&S31&"|"&T31&"|"&U31&"|"&V31&"|"&W31&"|"&X31&"|"&Y31&"|"&Z31&"|"&AA31&"|"&AB31&"|"&AC31&"|"&AD31&"|"&AE31&"|"&AF31&"|"&AG31 -> Resort Hotel|1|378|2016|November|45|1|0|2|2|0|0|BB|PRT|Groups|TA/TO|0|0|0|A|A|0|Non Refund|248||0|Transient|46|0|0|Canceled|42661 | AI31: =IF(COUNTIF($AH$4:$AH$2603,AH31)>1,"Duplicate","Unique") -> Unique | AJ31: =IF(COUNTBLANK(B31:AG31)>0,"Missing ("&COUNTBLANK(B31:AG31)&")","Complete") -> Missing (1)
A32: 29 | B32: City Hotel | C32: 0 | D32: 32 | E32: 2016 | F32: January | G32: 5 | H32: 24 | I32: 2 | J32: 1 | K32: 2 | L32: 0 | M32: 0 | N32: BB | O32: ARG | P32: Corporate | Q32: Corporate | R32: 0 | S32: 0 | T32: 0 | U32: A | V32: A | W32: 1 | X32: No Deposit | Y32: 38 | AA32: 15 | AB32: Transient-Party | AC32: 64 | AD32: 0 | AE32: 0 | AF32: Check-Out | AG32: 42396 | AH32: =B32&"|"&C32&"|"&D32&"|"&E32&"|"&F32&"|"&G32&"|"&H32&"|"&I32&"|"&J32&"|"&K32&"|"&L32&"|"&M32&"|"&N32&"|"&O32&"|"&P32&"|"&Q32&"|"&R32&"|"&S32&"|"&T32&"|"&U32&"|"&V32&"|"&W32&"|"&X32&"|"&Y32&"|"&Z32&"|"&AA32&"|"&AB32&"|"&AC32&"|"&AD32&"|"&AE32&"|"&AF32&"|"&AG32 -> City Hotel|0|32|2016|January|5|24|2|1|2|0|0|BB|ARG|Corporate|Corporate|0|0|0|A|A|1|No Deposit|38||15|Transient-Party|64|0|0|Check-Out|42396 | AI32: =IF(COUNTIF($AH$4:$AH$2603,AH32)>1,"Duplicate","Unique") -> Unique | AJ32: =IF(COUNTBLANK(B32:AG32)>0,"Missing ("&COUNTBLANK(B32:AG32)&")","Complete") -> Missing (1)
A33: 30 | B33: Resort Hotel | C33: 0 | D33: 165 | E33: 2015 | F33: December | G33: 53 | H33: 30 | I33: 0 | J33: 4 | K33: 1 | L33: 0 | M33: 0 | N33: Undefined | O33: PRT | P33: Groups | Q33: TA/TO | R33: 0 | S33: 0 | T33: 0 | U33: A | V33: A | W33: 0 | X33: No Deposit | Y33: 308 | AA33: 122 | AB33: Transient-Party | AC33: 0 | AD33: 0 | AE33: 0 | AF33: Check-Out | AG33: 42372 | AH33: =B33&"|"&C33&"|"&D33&"|"&E33&"|"&F33&"|"&G33&"|"&H33&"|"&I33&"|"&J33&"|"&K33&"|"&L33&"|"&M33&"|"&N33&"|"&O33&"|"&P33&"|"&Q33&"|"&R33&"|"&S33&"|"&T33&"|"&U33&"|"&V33&"|"&W33&"|"&X33&"|"&Y33&"|"&Z33&"|"&AA33&"|"&AB33&"|"&AC33&"|"&AD33&"|"&AE33&"|"&AF33&"|"&AG33 -> Resort Hotel|0|165|2015|December|53|30|0|4|1|0|0|Undefined|PRT|Groups|TA/TO|0|0|0|A|A|0|No Deposit|308||122|Transient-Party|0|0|0|Check-Out|42372 | AI33: =IF(COUNTIF($AH$4:$AH$2603,AH33)>1,"Duplicate","Unique") -> Unique | AJ33: =IF(COUNTBLANK(B33:AG33)>0,"Missing ("&COUNTBLANK(B33:AG33)&")","Complete") -> Missing (1)
A34: 31 | B34: City Hotel | C34: 0 | D34: 4 | E34: 2015 | F34: August | G34: 35 | H34: 25 | I34: 0 | J34: 4 | K34: 2 | L34: 0 | M34: 0 | N34: BB | O34: PRT | P34: Groups | Q34: TA/TO | R34: 0 | S34: 0 | T34: 0 | U34: A | V34: A | W34: 0 | X34: No Deposit | Y34: 1 | AA34: 0 | AB34: Transient-Party | AC34: 62 | AD34: 0 | AE34: 0 | AF34: Check-Out | AG34: 42245 | AH34: =B34&"|"&C34&"|"&D34&"|"&E34&"|"&F34&"|"&G34&"|"&H34&"|"&I34&"|"&J34&"|"&K34&"|"&L34&"|"&M34&"|"&N34&"|"&O34&"|"&P34&"|"&Q34&"|"&R34&"|"&S34&"|"&T34&"|"&U34&"|"&V34&"|"&W34&"|"&X34&"|"&Y34&"|"&Z34&"|"&AA34&"|"&AB34&"|"&AC34&"|"&AD34&"|"&AE34&"|"&AF34&"|"&AG34 -> City Hotel|0|4|2015|August|35|25|0|4|2|0|0|BB|PRT|Groups|TA/TO|0|0|0|A|A|0|No Deposit|1||0|Transient-Party|62|0|0|Check-Out|42245 | AI34: =IF(COUNTIF($AH$4:$AH$2603,AH34)>1,"Duplicate","Unique") -> Unique | AJ34: =IF(COUNTBLANK(B34:AG34)>0,"Missing ("&COUNTBLANK(B34:AG34)&")","Complete") -> Missing (1)
A35: 32 | B35: City Hotel | C35: 1 | D35: 179 | E35: 2016 | F35: July | G35: 27 | H35: 1 | I35: 0 | J35: 2 | K35: 2 | L35: 0 | M35: 0 | N35: BB | O35: PRT | P35: Groups | Q35: TA/TO | R35: 0 | S35: 0 | T35: 0 | U35: A | V35: A | W35: 0 | X35: Non Refund | Y35: 1 | AA35: 0 | AB35: Transient | AC35: 65 | AD35: 0 | AE35: 0 | AF35: Canceled | AG35: 42500 | AH35: =B35&"|"&C35&"|"&D35&"|"&E35&"|"&F35&"|"&G35&"|"&H35&"|"&I35&"|"&J35&"|"&K35&"|"&L35&"|"&M35&"|"&N35&"|"&O35&"|"&P35&"|"&Q35&"|"&R35&"|"&S35&"|"&T35&"|"&U35&"|"&V35&"|"&W35&"|"&X35&"|"&Y35&"|"&Z35&"|"&AA35&"|"&AB35&"|"&AC35&"|"&AD35&"|"&AE35&"|"&AF35&"|"&AG35 -> City Hotel|1|179|2016|July|27|1|0|2|2|0|0|BB|PRT|Groups|TA/TO|0|0|0|A|A|0|Non Refund|1||0|Transient|65|0|0|Canceled|42500 | AI35: =IF(COUNTIF($AH$4:$AH$2603,AH35)>1,"Duplicate","Unique") -> Unique | AJ35: =IF(COUNTBLANK(B35:AG35)>0,"Missing ("&COUNTBLANK(B35:AG35)&")","Complete") -> Missing (1)
A36: 33 | B36: City Hotel | C36: 0 | D36: 349 | E36: 2016 | F36: October | G36: 41 | H36: 4 | I36: 1 | J36: 5 | K36: 2 | L36: 0 | M36: 0 | N36: BB | O36: DEU | P36: Offline TA/TO | Q36: TA/TO | R36: 0 | S36: 0 | T36: 0 | U36: A | V36: A | W36: 0 | X36: No Deposit | Y36: 58 | AA36: 162 | AB36: Transient-Party | AC36: 123.33 | AD36: 0 | AE36: 0 | AF36: Check-Out | AG36: 42653 | AH36: =B36&"|"&C36&"|"&D36&"|"&E36&"|"&F36&"|"&G36&"|"&H36&"|"&I36&"|"&J36&"|"&K36&"|"&L36&"|"&M36&"|"&N36&"|"&O36&"|"&P36&"|"&Q36&"|"&R36&"|"&S36&"|"&T36&"|"&U36&"|"&V36&"|"&W36&"|"&X36&"|"&Y36&"|"&Z36&"|"&AA36&"|"&AB36&"|"&AC36&"|"&AD36&"|"&AE36&"|"&AF36&"|"&AG36 -> City Hotel|0|349|2016|October|41|4|1|5|2|0|0|BB|DEU|Offline TA/TO|TA/TO|0|0|0|A|A|0|No Deposit|58||162|Transient-Party|123.33|0|0|Check-Out|42653 | AI36: =IF(COUNTIF($AH$4:$AH$2603,AH36)>1,"Duplicate","Unique") -> Unique | AJ36: =IF(COUNTBLANK(B36:AG36)>0,"Missing ("&COUNTBLANK(B36:AG36)&")","Complete") -> Missing (1)
A37: 34 | B37: City Hotel | C37: 0 | D37: 47 | E37: 2016 | F37: February | G37: 8 | H37: 18 | I37: 0 | J37: 3 | K37: 2 | L37: 0 | M37: 0 | N37: BB | O37: NLD | P37: Online TA | Q37: TA/TO | R37: 0 | S37: 0 | T37: 0 | U37: D | V37: D | W37: 0 | X37: No Deposit | Y37: 9 | AA37: 0 | AB37: Transient | AC37: 90.3 | AD37: 0 | AE37: 0 | AF37: Check-Out | AG37: 42421 | AH37: =B37&"|"&C37&"|"&D37&"|"&E37&"|"&F37&"|"&G37&"|"&H37&"|"&I37&"|"&J37&"|"&K37&"|"&L37&"|"&M37&"|"&N37&"|"&O37&"|"&P37&"|"&Q37&"|"&R37&"|"&S37&"|"&T37&"|"&U37&"|"&V37&"|"&W37&"|"&X37&"|"&Y37&"|"&Z37&"|"&AA37&"|"&AB37&"|"&AC37&"|"&AD37&"|"&AE37&"|"&AF37&"|"&AG37 -> City Hotel|0|47|2016|February|8|18|0|3|2|0|0|BB|NLD|Online TA|TA/TO|0|0|0|D|D|0|No Deposit|9||0|Transient|90.3|0|0|Check-Out|42421 | AI37: =IF(COUNTIF($AH$4:$AH$2603,AH37)>1,"Duplicate","Unique") -> Unique | AJ37: =IF(COUNTBLANK(B37:AG37)>0,"Missing ("&COUNTBLANK(B37:AG37)&")","Complete") -> Missing (1)
A38: 35 | B38: City Hotel | C38: 0 | D38: 237 | E38: 2015 | F38: September | G38: 38 | H38: 14 | I38: 1 | J38: 2 | K38: 1 | L38: 0 | M38: 0 | N38: BB | O38: DEU | P38: Online TA | Q38: TA/TO | R38: 0 | S38: 0 | T38: 0 | U38: A | V38: A | W38: 0 | X38: No Deposit | Y38: 9 | AA38: 0 | AB38: Transient-Party | AC38: 80.75 | AD38: 0 | AE38: 0 | AF38: Check-Out | AG38: 42264 | AH38: =B38&"|"&C38&"|"&D38&"|"&E38&"|"&F38&"|"&G38&"|"&H38&"|"&I38&"|"&J38&"|"&K38&"|"&L38&"|"&M38&"|"&N38&"|"&O38&"|"&P38&"|"&Q38&"|"&R38&"|"&S38&"|"&T38&"|"&U38&"|"&V38&"|"&W38&"|"&X38&"|"&Y38&"|"&Z38&"|"&AA38&"|"&AB38&"|"&AC38&"|"&AD38&"|"&AE38&"|"&AF38&"|"&AG38 -> City Hotel|0|237|2015|September|38|14|1|2|1|0|0|BB|DEU|Online TA|TA/TO|0|0|0|A|A|0|No Deposit|9||0|Transient-Party|80.75|0|0|Check-Out|42264 | AI38: =IF(COUNTIF($AH$4:$AH$2603,AH38)>1,"Duplicate","Unique") -> Duplicate | AJ38: =IF(COUNTBLANK(B38:AG38)>0,"Missing ("&COUNTBLANK(B38:AG38)&")","Complete") -> Missing (1)
... A49: 46 | B49: City Hotel | C49: 0 | D49: 7 | E49: 2016 | F49: December | G49: 51 | H49: 17 | I49: 1 | J49: 1 | K49: 2 | L49: 0 | M49: 0 | N49: SC | O49: PRT | P49: Online TA | Q49: TA/TO | R49: 0 | S49: 0 | T49: 0 | U49: A | V49: A | W49: 0 | X49: No Deposit | Y49: 9 | AA49: 0 | AB49: Transient | AC49: 78 | AD49: 0 | AE49: 1 | AF49: Check-Out | AG49: 42723 | AH49: =B49&"|"&C49&"|"&D49&"|"&E49&"|"&F49&"|"&G49&"|"&H49&"|"&I49&"|"&J49&"|"&K49&"|"&L49&"|"&M49&"|"&N49&"|"&O49&"|"&P49&"|"&Q49&"|"&R49&"|"&S49&"|"&T49&"|"&U49&"|"&V49&"|"&W49&"|"&X49&"|"&Y49&"|"&Z49&"|"&AA49&"|"&AB49&"|"&AC49&"|"&AD49&"|"&AE49&"|"&AF49&"|"&AG49 -> City Hotel|0|7|2016|December|51|17|1|1|2|0|0|SC|PRT|Online TA|TA/TO|0|0|0|A|A|0|No Deposit|9||0|Transient|78|0|1|Check-Out|42723 | AI49: =IF(COUNTIF($AH$4:$AH$2603,AH49)>1,"Duplicate","Unique") -> Unique | AJ49: =IF(COUNTBLANK(B49:AG49)>0,"Missing ("&COUNTBLANK(B49:AG49)&")","Complete") -> Missing (1)
A50: 47 | B50: City Hotel | C50: 0 | D50: 21 | E50: 2015 | F50: December | G50: 51 | H50: 17 | I50: 0 | J50: 2 | K50: 1 | L50: 0 | M50: 0 | N50: BB | O50: PRT | P50: Corporate | Q50: Corporate | R50: 0 | S50: 0 | T50: 0 | U50: A | V50: A | W50: 0 | X50: No Deposit | Z50: 40 | AA50: 0 | AB50: Transient-Party | AC50: 65 | AD50: 0 | AE50: 0 | AF50: Check-Out | AG50: 42357 | AH50: =B50&"|"&C50&"|"&D50&"|"&E50&"|"&F50&"|"&G50&"|"&H50&"|"&I50&"|"&J50&"|"&K50&"|"&L50&"|"&M50&"|"&N50&"|"&O50&"|"&P50&"|"&Q50&"|"&R50&"|"&S50&"|"&T50&"|"&U50&"|"&V50&"|"&W50&"|"&X50&"|"&Y50&"|"&Z50&"|"&AA50&"|"&AB50&"|"&AC50&"|"&AD50&"|"&AE50&"|"&AF50&"|"&AG50 -> City Hotel|0|21|2015|December|51|17|0|2|1|0|0|BB|PRT|Corporate|Corporate|0|0|0|A|A|0|No Deposit||40|0|Transient-Party|65|0|0|Check-Out|42357 | AI50: =IF(COUNTIF($AH$4:$AH$2603,AH50)>1,"Duplicate","Unique") -> Unique | AJ50: =IF(COUNTBLANK(B50:AG50)>0,"Missing ("&COUNTBLANK(B50:AG50)&")","Complete") -> Missing (1)
A51: 48 | B51: City Hotel | C51: 1 | D51: 160 | E51: 2015 | F51: December | G51: 53 | H51: 30 | I51: 0 | J51: 3 | K51: 2 | L51: 0 | M51: 0 | N51: BB | O51: PRT | P51: Offline TA/TO | Q51: TA/TO | R51: 0 | S51: 0 | T51: 0 | U51: A | V51: A | W51: 0 | X51: No Deposit | Y51: 3 | AA51: 111 | AB51: Transient-Party | AC51: 70 | AD51: 0 | AE51: 0 | AF51: Canceled | AG51: 42361 | AH51: =B51&"|"&C51&"|"&D51&"|"&E51&"|"&F51&"|"&G51&"|"&H51&"|"&I51&"|"&J51&"|"&K51&"|"&L51&"|"&M51&"|"&N51&"|"&O51&"|"&P51&"|"&Q51&"|"&R51&"|"&S51&"|"&T51&"|"&U51&"|"&V51&"|"&W51&"|"&X51&"|"&Y51&"|"&Z51&"|"&AA51&"|"&AB51&"|"&AC51&"|"&AD51&"|"&AE51&"|"&AF51&"|"&AG51 -> City Hotel|1|160|2015|December|53|30|0|3|2|0|0|BB|PRT|Offline TA/TO|TA/TO|0|0|0|A|A|0|No Deposit|3||111|Transient-Party|70|0|0|Canceled|42361 | AI51: =IF(COUNTIF($AH$4:$AH$2603,AH51)>1,"Duplicate","Unique") -> Unique | AJ51: =IF(COUNTBLANK(B51:AG51)>0,"Missing ("&COUNTBLANK(B51:AG51)&")","Complete") -> Missing (1)
A52: 49 | B52: Resort Hotel | C52: 0 | D52: 28 | E52: 2016 | F52: May | G52: 21 | H52: 19 | I52: 2 | J52: 5 | K52: 3 | L52: 0 | M52: 0 | N52: BB | O52: FRA | P52: Offline TA/TO | Q52: TA/TO | R52: 0 | S52: 0 | T52: 0 | U52: A | V52: A | W52: 0 | X52: No Deposit | Y52: 8 | AA52: 0 | AB52: Transient | AC52: 79.9 | AD52: 0 | AE52: 2 | AF52: Check-Out | AG52: 42516 | AH52: =B52&"|"&C52&"|"&D52&"|"&E52&"|"&F52&"|"&G52&"|"&H52&"|"&I52&"|"&J52&"|"&K52&"|"&L52&"|"&M52&"|"&N52&"|"&O52&"|"&P52&"|"&Q52&"|"&R52&"|"&S52&"|"&T52&"|"&U52&"|"&V52&"|"&W52&"|"&X52&"|"&Y52&"|"&Z52&"|"&AA52&"|"&AB52&"|"&AC52&"|"&AD52&"|"&AE52&"|"&AF52&"|"&AG52 -> Resort Hotel|0|28|2016|May|21|19|2|5|3|0|0|BB|FRA|Offline TA/TO|TA/TO|0|0|0|A|A|0|No Deposit|8||0|Transient|79.9|0|2|Check-Out|42516 | AI52: =IF(COUNTIF($AH$4:$AH$2603,AH52)>1,"Duplicate","Unique") -> Unique | AJ52: =IF(COUNTBLANK(B52:AG52)>0,"Missing ("&COUNTBLANK(B52:AG52)&")","Complete") -> Missing (1)
A53: 50 | B53: City Hotel | C53: 1 | D53: 274 | E53: 2015 | F53: July | G53: 29 | H53: 18 | I53: 2 | J53: 2 | K53: 2 | L53: 0 | M53: 0 | N53: BB | O53: PRT | P53: Groups | Q53: TA/TO | R53: 0 | S53: 1 | T53: 0 | U53: A | V53: A | W53: 0 | X53: No Deposit | Y53: 1 | AA53: 0 | AB53: Transient-Party | AC53: 62 | AD53: 0 | AE53: 0 | AF53: Canceled | AG53: 42191 | AH53: =B53&"|"&C53&"|"&D53&"|"&E53&"|"&F53&"|"&G53&"|"&H53&"|"&I53&"|"&J53&"|"&K53&"|"&L53&"|"&M53&"|"&N53&"|"&O53&"|"&P53&"|"&Q53&"|"&R53&"|"&S53&"|"&T53&"|"&U53&"|"&V53&"|"&W53&"|"&X53&"|"&Y53&"|"&Z53&"|"&AA53&"|"&AB53&"|"&AC53&"|"&AD53&"|"&AE53&"|"&AF53&"|"&AG53 -> City Hotel|1|274|2015|July|29|18|2|2|2|0|0|BB|PRT|Groups|TA/TO|0|1|0|A|A|0|No Deposit|1||0|Transient-Party|62|0|0|Canceled|42191 | AI53: =IF(COUNTIF($AH$4:$AH$2603,AH53)>1,"Duplicate","Unique") -> Unique | AJ53: =IF(COUNTBLANK(B53:AG53)>0,"Missing ("&COUNTBLANK(B53:AG53)&")","Complete") -> Missing (1)
A54: 51 | B54: City Hotel | C54: 1 | D54: 155 | E54: 2017 | F54: July | G54: 29 | H54: 17 | I54: 1 | J54: 1 | K54: 2 | L54: 0 | M54: 0 | N54: SC | O54: USA | P54: Online TA | Q54: TA/TO | R54: 0 | S54: 0 | T54: 0 | U54: A | V54: A | W54: 0 | X54: No Deposit | Y54: 9 | AA54: 0 | AB54: Transient | AC54: 89.1 | AD54: 0 | AE54: 1 | AF54: Canceled | AG54: 42802 | AH54: =B54&"|"&C54&"|"&D54&"|"&E54&"|"&F54&"|"&G54&"|"&H54&"|"&I54&"|"&J54&"|"&K54&"|"&L54&"|"&M54&"|"&N54&"|"&O54&"|"&P54&"|"&Q54&"|"&R54&"|"&S54&"|"&T54&"|"&U54&"|"&V54&"|"&W54&"|"&X54&"|"&Y54&"|"&Z54&"|"&AA54&"|"&AB54&"|"&AC54&"|"&AD54&"|"&AE54&"|"&AF54&"|"&AG54 -> City Hotel|1|155|2017|July|29|17|1|1|2|0|0|SC|USA|Online TA|TA/TO|0|0|0|A|A|0|No Deposit|9||0|Transient|89.1|0|1|Canceled|42802 | AI54: =IF(COUNTIF($AH$4:$AH$2603,AH54)>1,"Duplicate","Unique") -> Unique | AJ54: =IF(COUNTBLANK(B54:AG54)>0,"Missing ("&COUNTBLANK(B54:AG54)&")","Complete") -> Missing (1)
A55: 52 | B55: Resort Hotel | C55: 1 | D55: 48 | E55: 2016 | F55: September | G55: 40 | H55: 30 | I55: 2 | J55: 3 | K55: 2 | L55: 0 | M55: 0 | N55: BB | O55: ESP | P55: Online TA | Q55: TA/TO | R55: 0 | S55: 0 | T55: 0 | U55: E | V55: E | W55: 0 | X55: No Deposit | Y55: 240 | AA55: 0 | AB55: Transient | AC55: 107 | AD55: 0 | AE55: 0 | AF55: Canceled | AG55: 42596 | AH55: =B55&"|"&C55&"|"&D55&"|"&E55&"|"&F55&"|"&G55&"|"&H55&"|"&I55&"|"&J55&"|"&K55&"|"&L55&"|"&M55&"|"&N55&"|"&O55&"|"&P55&"|"&Q55&"|"&R55&"|"&S55&"|"&T55&"|"&U55&"|"&V55&"|"&W55&"|"&X55&"|"&Y55&"|"&Z55&"|"&AA55&"|"&AB55&"|"&AC55&"|"&AD55&"|"&AE55&"|"&AF55&"|"&AG55 -> Resort Hotel|1|48|2016|September|40|30|2|3|2|0|0|BB|ESP|Online TA|TA/TO|0|0|0|E|E|0|No Deposit|240||0|Transient|107|0|0|Canceled|42596 | AI55: =IF(COUNTIF($AH$4:$AH$2603,AH55)>1,"Duplicate","Unique") -> Unique | AJ55: =IF(COUNTBLANK(B55:AG55)>0,"Missing ("&COUNTBLANK(B55:AG55)&")","Complete") -> Missing (1)
A56: 53 | B56: Resort Hotel | C56: 0 | D56: 25 | E56: 2016 | F56: January | G56: 3 | H56: 14 | I56: 0 | J56: 2 | K56: 2 | L56: 2 | M56: 0 | N56: BB | O56: ESP | P56: Online TA | Q56: TA/TO | R56: 0 | S56: 0 | T56: 0 | U56: G | V56: G | W56: 0 | X56: No Deposit | Y56: 240 | AA56: 0 | AB56: Transient | AC56: 79 | AD56: 0 | AE56: 1 | AF56: Check-Out | AG56: 42385 | AH56: =B56&"|"&C56&"|"&D56&"|"&E56&"|"&F56&"|"&G56&"|"&H56&"|"&I56&"|"&J56&"|"&K56&"|"&L56&"|"&M56&"|"&N56&"|"&O56&"|"&P56&"|"&Q56&"|"&R56&"|"&S56&"|"&T56&"|"&U56&"|"&V56&"|"&W56&"|"&X56&"|"&Y56&"|"&Z56&"|"&AA56&"|"&AB56&"|"&AC56&"|"&AD56&"|"&AE56&"|"&AF56&"|"&AG56 -> Resort Hotel|0|25|2016|January|3|14|0|2|2|2|0|BB|ESP|Online TA|TA/TO|0|0|0|G|G|0|No Deposit|240||0|Transient|79|0|1|Check-Out|42385 | AI56: =IF(COUNTIF($AH$4:$AH$2603,AH56)>1,"Duplicate","Unique") -> Unique | AJ56: =IF(COUNTBLANK(B56:AG56)>0,"Missing ("&COUNTBLANK(B56:AG56)&")","Complete") -> Missing (1)
A57: 54 | B57: Resort Hotel | C57: 0 | D57: 154 | E57: 2016 | F57: July | G57: 29 | H57: 11 | I57: 1 | J57: 2 | K57: 2 | L57: 0 | M57: 0 | N57: BB | O57: LUX | P57: Offline TA/TO | Q57: TA/TO | R57: 0 | S57: 0 | T57: 0 | U57: A | V57: B | W57: 0 | X57: No Deposit | Y57: 327 | AA57: 0 | AB57: Transient | AC57: 64.8 | AD57: 0 | AE57: 0 | AF57: Check-Out | AG57: 42565 | AH57: =B57&"|"&C57&"|"&D57&"|"&E57&"|"&F57&"|"&G57&"|"&H57&"|"&I57&"|"&J57&"|"&K57&"|"&L57&"|"&M57&"|"&N57&"|"&O57&"|"&P57&"|"&Q57&"|"&R57&"|"&S57&"|"&T57&"|"&U57&"|"&V57&"|"&W57&"|"&X57&"|"&Y57&"|"&Z57&"|"&AA57&"|"&AB57&"|"&AC57&"|"&AD57&"|"&AE57&"|"&AF57&"|"&AG57 -> Resort Hotel|0|154|2016|July|29|11|1|2|2|0|0|BB|LUX|Offline TA/TO|TA/TO|0|0|0|A|B|0|No Deposit|327||0|Transient|64.8|0|0|Check-Out|42565 | AI57: =IF(COUNTIF($AH$4:$AH$2603,AH57)>1,"Duplicate","Unique") -> Unique | AJ57: =IF(COUNTBLANK(B57:AG57)>0,"Missing ("&COUNTBLANK(B57:AG57)&")","Complete") -> Missing (1)
A58: 55 | B58: City Hotel | C58: 1 | D58: 1 | E58: 2015 | F58: December | G58: 53 | H58: 29 | I58: 0 | J58: 4 | K58: 2 | L58: 0 | M58: 1 | N58: BB | O58: PRT | P58: Groups | Q58: TA/TO | R58: 0 | S58: 0 | T58: 0 | U58: B | V58: B | W58: 2 | X58: No Deposit | Y58: 29 | AA58: 0 | AB58: Transient | AC58: 72.5 | AD58: 0 | AE58: 2 | AF58: Canceled | AG58: 42367 | AH58: =B58&"|"&C58&"|"&D58&"|"&E58&"|"&F58&"|"&G58&"|"&H58&"|"&I58&"|"&J58&"|"&K58&"|"&L58&"|"&M58&"|"&N58&"|"&O58&"|"&P58&"|"&Q58&"|"&R58&"|"&S58&"|"&T58&"|"&U58&"|"&V58&"|"&W58&"|"&X58&"|"&Y58&"|"&Z58&"|"&AA58&"|"&AB58&"|"&AC58&"|"&AD58&"|"&AE58&"|"&AF58&"|"&AG58 -> City Hotel|1|1|2015|December|53|29|0|4|2|0|1|BB|PRT|Groups|TA/TO|0|0|0|B|B|2|No Deposit|29||0|Transient|72.5|0|2|Canceled|42367 | AI58: =IF(COUNTIF($AH$4:$AH$2603,AH58)>1,"Duplicate","Unique") -> Unique | AJ58: =IF(COUNTBLANK(B58:AG58)>0,"Missing ("&COUNTBLANK(B58:AG58)&")","Complete") -> Missing (1)
A59: 56 | B59: City Hotel | C59: 1 | D59: 364 | E59: 2015 | F59: October | G59: 42 | H59: 16 | I59: 0 | J59: 2 | K59: 2 | L59: 0 | M59: 0 | N59: HB | O59: PRT | P59: Offline TA/TO | Q59: TA/TO | R59: 0 | S59: 1 | T59: 0 | U59: A | V59: A | W59: 0 | X59: Non Refund | Y59: 6 | AA59: 0 | AB59: Transient-Party | AC59: 101.5 | AD59: 0 | AE59: 0 | AF59: Canceled | AG59: 42191 | AH59: =B59&"|"&C59&"|"&D59&"|"&E59&"|"&F59&"|"&G59&"|"&H59&"|"&I59&"|"&J59&"|"&K59&"|"&L59&"|"&M59&"|"&N59&"|"&O59&"|"&P59&"|"&Q59&"|"&R59&"|"&S59&"|"&T59&"|"&U59&"|"&V59&"|"&W59&"|"&X59&"|"&Y59&"|"&Z59&"|"&AA59&"|"&AB59&"|"&AC59&"|"&AD59&"|"&AE59&"|"&AF59&"|"&AG59 -> City Hotel|1|364|2015|October|42|16|0|2|2|0|0|HB|PRT|Offline TA/TO|TA/TO|0|1|0|A|A|0|Non Refund|6||0|Transient-Party|101.5|0|0|Canceled|42191 | AI59: =IF(COUNTIF($AH$4:$AH$2603,AH59)>1,"Duplicate","Unique") -> Duplicate | AJ59: =IF(COUNTBLANK(B59:AG59)>0,"Missing ("&COUNTBLANK(B59:AG59)&")","Complete") -> Missing (1)
A60: 57 | B60: City Hotel | C60: 0 | D60: 18 | E60: 2016 | F60: December | G60: 51 | H60: 11 | I60: 1 | J60: 0 | K60: 2 | L60: 0 | M60: 0 | N60: BB | O60: PRT | P60: Offline TA/TO | Q60: TA/TO | R60: 0 | S60: 0 | T60: 0 | U60: A | V60: A | W60: 0 | X60: No Deposit | Y60: 378 | AA60: 0 | AB60: Transient-Party | AC60: 80 | AD60: 0 | AE60: 0 | AF60: Check-Out | AG60: 42716 | AH60: =B60&"|"&C60&"|"&D60&"|"&E60&"|"&F60&"|"&G60&"|"&H60&"|"&I60&"|"&J60&"|"&K60&"|"&L60&"|"&M60&"|"&N60&"|"&O60&"|"&P60&"|"&Q60&"|"&R60&"|"&S60&"|"&T60&"|"&U60&"|"&V60&"|"&W60&"|"&X60&"|"&Y60&"|"&Z60&"|"&AA60&"|"&AB60&"|"&AC60&"|"&AD60&"|"&AE60&"|"&AF60&"|"&AG60 -> City Hotel|0|18|2016|December|51|11|1|0|2|0|0|BB|PRT|Offline TA/TO|TA/TO|0|0|0|A|A|0|No Deposit|378||0|Transient-Party|80|0|0|Check-Out|42716 | AI60: =IF(COUNTIF($AH$4:$AH$2603,AH60)>1,"Duplicate","Unique") -> Unique | AJ60: =IF(COUNTBLANK(B60:AG60)>0,"Missing ("&COUNTBLANK(B60:AG60)&")","Complete") -> Missing (1)
A61: 58 | B61: City Hotel | C61: 1 | D61: 21 | E61: 2017 | F61: January | G61: 1 | H61: 2 | I61: 1 | J61: 3 | K61: 2 | L61: 0 | M61: 0 | N61: BB | O61: KOR | P61: Online TA | Q61: TA/TO | R61: 0 | S61: 0 | T61: 0 | U61: A | V61: A | W61: 0 | X61: No Deposit | Y61: 9 | AA61: 0 | AB61: Transient | AC61: 90.1 | AD61: 0 | AE61: 2 | AF61: Canceled | AG61: 42720 | AH61: =B61&"|"&C61&"|"&D61&"|"&E61&"|"&F61&"|"&G61&"|"&H61&"|"&I61&"|"&J61&"|"&K61&"|"&L61&"|"&M61&"|"&N61&"|"&O61&"|"&P61&"|"&Q61&"|"&R61&"|"&S61&"|"&T61&"|"&U61&"|"&V61&"|"&W61&"|"&X61&"|"&Y61&"|"&Z61&"|"&AA61&"|"&AB61&"|"&AC61&"|"&AD61&"|"&AE61&"|"&AF61&"|"&AG61 -> City Hotel|1|21|2017|January|1|2|1|3|2|0|0|BB|KOR|Online TA|TA/TO|0|0|0|A|A|0|No Deposit|9||0|Transient|90.1|0|2|Canceled|42720 | AI61: =IF(COUNTIF($AH$4:$AH$2603,AH61)>1,"Duplicate","Unique") -> Unique | AJ61: =IF(COUNTBLANK(B61:AG61)>0,"Missing ("&COUNTBLANK(B61:AG61)&")","Complete") -> Missing (1)
A62: 59 | B62: City Hotel | C62: 1 | D62: 15 | E62: 2017 | F62: February | G62: 7 | H62: 17 | I62: 0 | J62: 2 | K62: 2 | L62: 0 | M62: 0 | N62: BB | O62: PRT | P62: Offline TA/TO | Q62: TA/TO | R62: 0 | S62: 0 | T62: 0 | U62: A | V62: A | W62: 0 | X62: Non Refund | Y62: 19 | AA62: 0 | AB62: Transient | AC62: 95 | AD62: 0 | AE62: 0 | AF62: Canceled | AG62: 42768 | AH62: =B62&"|"&C62&"|"&D62&"|"&E62&"|"&F62&"|"&G62&"|"&H62&"|"&I62&"|"&J62&"|"&K62&"|"&L62&"|"&M62&"|"&N62&"|"&O62&"|"&P62&"|"&Q62&"|"&R62&"|"&S62&"|"&T62&"|"&U62&"|"&V62&"|"&W62&"|"&X62&"|"&Y62&"|"&Z62&"|"&AA62&"|"&AB62&"|"&AC62&"|"&AD62&"|"&AE62&"|"&AF62&"|"&AG62 -> City Hotel|1|15|2017|February|7|17|0|2|2|0|0|BB|PRT|Offline TA/TO|TA/TO|0|0|0|A|A|0|Non Refund|19||0|Transient|95|0|0|Canceled|42768 | AI62: =IF(COUNTIF($AH$4:$AH$2603,AH62)>1,"Duplicate","Unique") -> Unique | AJ62: =IF(COUNTBLANK(B62:AG62)>0,"Missing ("&COUNTBLANK(B62:AG62)&")","Complete") -> Missing (1)
... A74: 71 | B74: Resort Hotel | C74: 0 | D74: 53 | E74: 2016 | F74: June | G74: 24 | H74: 7 | I74: 0 | J74: 2 | K74: 2 | L74: 0 | M74: 0 | N74: BB | O74: CHN | P74: Online TA | Q74: TA/TO | R74: 0 | S74: 0 | T74: 0 | U74: A | V74: A | W74: 0 | X74: No Deposit | Y74: 240 | AA74: 0 | AB74: Transient | AC74: 129 | AD74: 0 | AE74: 1 | AF74: Check-Out | AG74: 42530 | AH74: =B74&"|"&C74&"|"&D74&"|"&E74&"|"&F74&"|"&G74&"|"&H74&"|"&I74&"|"&J74&"|"&K74&"|"&L74&"|"&M74&"|"&N74&"|"&O74&"|"&P74&"|"&Q74&"|"&R74&"|"&S74&"|"&T74&"|"&U74&"|"&V74&"|"&W74&"|"&X74&"|"&Y74&"|"&Z74&"|"&AA74&"|"&AB74&"|"&AC74&"|"&AD74&"|"&AE74&"|"&AF74&"|"&AG74 -> Resort Hotel|0|53|2016|June|24|7|0|2|2|0|0|BB|CHN|Online TA|TA/TO|0|0|0|A|A|0|No Deposit|240||0|Transient|129|0|1|Check-Out|42530 | AI74: =IF(COUNTIF($AH$4:$AH$2603,AH74)>1,"Duplicate","Unique") -> Unique | AJ74: =IF(COUNTBLANK(B74:AG74)>0,"Missing ("&COUNTBLANK(B74:AG74)&")","Complete") -> Missing (1)
A75: 72 | B75: Resort Hotel | C75: 1 | D75: 246 | E75: 2015 | F75: September | G75: 36 | H75: 5 | I75: 2 | J75: 5 | K75: 2 | L75: 0 | M75: 0 | N75: BB | P75: Offline TA/TO | Q75: TA/TO | R75: 0 | S75: 1 | T75: 0 | U75: A | V75: A | W75: 0 | X75: No Deposit | Y75: 96 | AA75: 0 | AB75: Transient-Party | AC75: 58.95 | AD75: 0 | AE75: 0 | AF75: Canceled | AG75: 42172 | AH75: =B75&"|"&C75&"|"&D75&"|"&E75&"|"&F75&"|"&G75&"|"&H75&"|"&I75&"|"&J75&"|"&K75&"|"&L75&"|"&M75&"|"&N75&"|"&O75&"|"&P75&"|"&Q75&"|"&R75&"|"&S75&"|"&T75&"|"&U75&"|"&V75&"|"&W75&"|"&X75&"|"&Y75&"|"&Z75&"|"&AA75&"|"&AB75&"|"&AC75&"|"&AD75&"|"&AE75&"|"&AF75&"|"&AG75 -> Resort Hotel|1|246|2015|September|36|5|2|5|2|0|0|BB||Offline TA/TO|TA/TO|0|1|0|A|A|0|No Deposit|96||0|Transient-Party|58.95|0|0|Canceled|42172 | AI75: =IF(COUNTIF($AH$4:$AH$2603,AH75)>1,"Duplicate","Unique") -> Unique | AJ75: =IF(COUNTBLANK(B75:AG75)>0,"Missing ("&COUNTBLANK(B75:AG75)&")","Complete") -> Missing (2)
A76: 73 | B76: City Hotel | C76: 1 | D76: 304 | E76: 2016 | F76: November | G76: 45 | H76: 3 | I76: 0 | J76: 3 | K76: 2 | L76: 0 | M76: 0 | N76: BB | O76: PRT | P76: Offline TA/TO | Q76: TA/TO | R76: 0 | S76: 0 | T76: 0 | U76: A | V76: A | W76: 0 | X76: Non Refund | Y76: 21 | AA76: 0 | AB76: Transient | AC76: 89 | AD76: 0 | AE76: 0 | AF76: Canceled | AG76: 42401 | AH76: =B76&"|"&C76&"|"&D76&"|"&E76&"|"&F76&"|"&G76&"|"&H76&"|"&I76&"|"&J76&"|"&K76&"|"&L76&"|"&M76&"|"&N76&"|"&O76&"|"&P76&"|"&Q76&"|"&R76&"|"&S76&"|"&T76&"|"&U76&"|"&V76&"|"&W76&"|"&X76&"|"&Y76&"|"&Z76&"|"&AA76&"|"&AB76&"|"&AC76&"|"&AD76&"|"&AE76&"|"&AF76&"|"&AG76 -> City Hotel|1|304|2016|November|45|3|0|3|2|0|0|BB|PRT|Offline TA/TO|TA/TO|0|0|0|A|A|0|Non Refund|21||0|Transient|89|0|0|Canceled|42401 | AI76: =IF(COUNTIF($AH$4:$AH$2603,AH76)>1,"Duplicate","Unique") -> Duplicate | AJ76: =IF(COUNTBLANK(B76:AG76)>0,"Missing ("&COUNTBLANK(B76:AG76)&")","Complete") -> Missing (1)
A77: 74 | B77: City Hotel | C77: 0 | D77: 127 | E77: 2017 | F77: July | G77: 30 | H77: 25 | I77: 0 | J77: 3 | K77: 2 | L77: 0 | M77: 0 | N77: BB | O77: AUT | P77: Offline TA/TO | Q77: TA/TO | R77: 0 | S77: 0 | T77: 0 | U77: D | V77: D | W77: 0 | X77: No Deposit | Y77: 16 | AA77: 0 | AB77: Transient | AC77: 98.1 | AD77: 0 | AE77: 0 | AF77: Check-Out | AG77: 42944 | AH77: =B77&"|"&C77&"|"&D77&"|"&E77&"|"&F77&"|"&G77&"|"&H77&"|"&I77&"|"&J77&"|"&K77&"|"&L77&"|"&M77&"|"&N77&"|"&O77&"|"&P77&"|"&Q77&"|"&R77&"|"&S77&"|"&T77&"|"&U77&"|"&V77&"|"&W77&"|"&X77&"|"&Y77&"|"&Z77&"|"&AA77&"|"&AB77&"|"&AC77&"|"&AD77&"|"&AE77&"|"&AF77&"|"&AG77 -> City Hotel|0|127|2017|July|30|25|0|3|2|0|0|BB|AUT|Offline TA/TO|TA/TO|0|0|0|D|D|0|No Deposit|16||0|Transient|98.1|0|0|Check-Out|42944 | AI77: =IF(COUNTIF($AH$4:$AH$2603,AH77)>1,"Duplicate","Unique") -> Unique | AJ77: =IF(COUNTBLANK(B77:AG77)>0,"Missing ("&COUNTBLANK(B77:AG77)&")","Complete") -> Missing (1)
A78: 75 | B78: Resort Hotel | C78: 0 | D78: 0 | E78: 2017 | F78: January | G78: 3 | H78: 17 | I78: 0 | J78: 1 | K78: 1 | L78: 0 | M78: 0 | N78: BB | O78: ESP | P78: Direct | Q78: Direct | R78: 1 | S78: 0 | T78: 1 | U78: A | V78: A | W78: 0 | X78: No Deposit | AA78: 0 | AB78: Transient | AC78: 57 | AD78: 0 | AE78: 0 | AF78: Check-Out | AG78: 42753 | AH78: =B78&"|"&C78&"|"&D78&"|"&E78&"|"&F78&"|"&G78&"|"&H78&"|"&I78&"|"&J78&"|"&K78&"|"&L78&"|"&M78&"|"&N78&"|"&O78&"|"&P78&"|"&Q78&"|"&R78&"|"&S78&"|"&T78&"|"&U78&"|"&V78&"|"&W78&"|"&X78&"|"&Y78&"|"&Z78&"|"&AA78&"|"&AB78&"|"&AC78&"|"&AD78&"|"&AE78&"|"&AF78&"|"&AG78 -> Resort Hotel|0|0|2017|January|3|17|0|1|1|0|0|BB|ESP|Direct|Direct|1|0|1|A|A|0|No Deposit|||0|Transient|57|0|0|Check-Out|42753 | AI78: =IF(COUNTIF($AH$4:$AH$2603,AH78)>1,"Duplicate","Unique") -> Unique | AJ78: =IF(COUNTBLANK(B78:AG78)>0,"Missing ("&COUNTBLANK(B78:AG78)&")","Complete") -> Missing (2)
A79: 76 | B79: City Hotel | C79: 1 | D79: 113 | E79: 2016 | F79: September | G79: 37 | H79: 7 | I79: 1 | J79: 4 | K79: 2 | L79: 0 | M79: 0 | N79: BB | O79: PRT | P79: Offline TA/TO | Q79: TA/TO | R79: 0 | S79: 0 | T79: 0 | U79: A | V79: A | W79: 0 | X79: No Deposit | Y79: 6 | AA79: 0 | AB79: Transient | AC79: 118.8 | AD79: 0 | AE79: 0 | AF79: Canceled | AG79: 42513 | AH79: =B79&"|"&C79&"|"&D79&"|"&E79&"|"&F79&"|"&G79&"|"&H79&"|"&I79&"|"&J79&"|"&K79&"|"&L79&"|"&M79&"|"&N79&"|"&O79&"|"&P79&"|"&Q79&"|"&R79&"|"&S79&"|"&T79&"|"&U79&"|"&V79&"|"&W79&"|"&X79&"|"&Y79&"|"&Z79&"|"&AA79&"|"&AB79&"|"&AC79&"|"&AD79&"|"&AE79&"|"&AF79&"|"&AG79 -> City Hotel|1|113|2016|September|37|7|1|4|2|0|0|BB|PRT|Offline TA/TO|TA/TO|0|0|0|A|A|0|No Deposit|6||0|Transient|118.8|0|0|Canceled|42513 | AI79: =IF(COUNTIF($AH$4:$AH$2603,AH79)>1,"Duplicate","Unique") -> Unique | AJ79: =IF(COUNTBLANK(B79:AG79)>0,"Missing ("&COUNTBLANK(B79:AG79)&")","Complete") -> Missing (1)
A80: 77 | B80: City Hotel | C80: 0 | D80: 272 | E80: 2017 | F80: July | G80: 28 | H80: 12 | I80: 0 | J80: 3 | K80: 2 | L80: 2 | M80: 0 | N80: BB | O80: AUT | P80: Online TA | Q80: TA/TO | R80: 0 | S80: 0 | T80: 0 | U80: F | V80: F | W80: 3 | X80: No Deposit | Y80: 9 | AA80: 0 | AB80: Transient-Party | AC80: 179.1 | AD80: 0 | AE80: 2 | AF80: Check-Out | AG80: 42931 | AH80: =B80&"|"&C80&"|"&D80&"|"&E80&"|"&F80&"|"&G80&"|"&H80&"|"&I80&"|"&J80&"|"&K80&"|"&L80&"|"&M80&"|"&N80&"|"&O80&"|"&P80&"|"&Q80&"|"&R80&"|"&S80&"|"&T80&"|"&U80&"|"&V80&"|"&W80&"|"&X80&"|"&Y80&"|"&Z80&"|"&AA80&"|"&AB80&"|"&AC80&"|"&AD80&"|"&AE80&"|"&AF80&"|"&AG80 -> City Hotel|0|272|2017|July|28|12|0|3|2|2|0|BB|AUT|Online TA|TA/TO|0|0|0|F|F|3|No Deposit|9||0|Transient-Party|179.1|0|2|Check-Out|42931 | AI80: =IF(COUNTIF($AH$4:$AH$2603,AH80)>1,"Duplicate","Unique") -> Unique | AJ80: =IF(COUNTBLANK(B80:AG80)>0,"Missing ("&COUNTBLANK(B80:AG80)&")","Complete") -> Missing (1)
A81: 78 | B81: City Hotel | C81: 1 | D81: 11 | E81: 2016 | F81: November | G81: 45 | H81: 5 | I81: 0 | J81: 1 | K81: 2 | L81: 1 | M81: 0 | N81: BB | O81: GBR | P81: Online TA | Q81: TA/TO | R81: 0 | S81: 0 | T81: 0 | U81: A | V81: A | W81: 0 | X81: No Deposit | Y81: 9 | AA81: 0 | AB81: Transient | AC81: 150 | AD81: 0 | AE81: 1 | AF81: Canceled | AG81: 42671 | AH81: =B81&"|"&C81&"|"&D81&"|"&E81&"|"&F81&"|"&G81&"|"&H81&"|"&I81&"|"&J81&"|"&K81&"|"&L81&"|"&M81&"|"&N81&"|"&O81&"|"&P81&"|"&Q81&"|"&R81&"|"&S81&"|"&T81&"|"&U81&"|"&V81&"|"&W81&"|"&X81&"|"&Y81&"|"&Z81&"|"&AA81&"|"&AB81&"|"&AC81&"|"&AD81&"|"&AE81&"|"&AF81&"|"&AG81 -> City Hotel|1|11|2016|November|45|5|0|1|2|1|0|BB|GBR|Online TA|TA/TO|0|0|0|A|A|0|No Deposit|9||0|Transient|150|0|1|Canceled|42671 | AI81: =IF(COUNTIF($AH$4:$AH$2603,AH81)>1,"Duplicate","Unique") -> Unique | AJ81: =IF(COUNTBLANK(B81:AG81)>0,"Missing ("&COUNTBLANK(B81:AG81)&")","Complete") -> Missing (1)
A82: 79 | B82: City Hotel | C82: 1 | D82: 98 | E82: 2015 | F82: November | G82: 48 | H82: 23 | I82: 1 | J82: 2 | K82: 1 | L82: 0 | M82: 0 | N82: BB | O82: PRT | P82: Groups | Q82: TA/TO | R82: 0 | S82: 0 | T82: 0 | U82: A | V82: A | W82: 0 | X82: No Deposit | Y82: 37 | AA82: 0 | AB82: Transient-Party | AC82: 70 | AD82: 0 | AE82: 0 | AF82: No-Show | AG82: 42331 | AH82: =B82&"|"&C82&"|"&D82&"|"&E82&"|"&F82&"|"&G82&"|"&H82&"|"&I82&"|"&J82&"|"&K82&"|"&L82&"|"&M82&"|"&N82&"|"&O82&"|"&P82&"|"&Q82&"|"&R82&"|"&S82&"|"&T82&"|"&U82&"|"&V82&"|"&W82&"|"&X82&"|"&Y82&"|"&Z82&"|"&AA82&"|"&AB82&"|"&AC82&"|"&AD82&"|"&AE82&"|"&AF82&"|"&AG82 -> City Hotel|1|98|2015|November|48|23|1|2|1|0|0|BB|PRT|Groups|TA/TO|0|0|0|A|A|0|No Deposit|37||0|Transient-Party|70|0|0|No-Show|42331 | AI82: =IF(COUNTIF($AH$4:$AH$2603,AH82)>1,"Duplicate","Unique") -> Unique | AJ82: =IF(COUNTBLANK(B82:AG82)>0,"Missing ("&COUNTBLANK(B82:AG82)&")","Complete") -> Missing (1)
A83: 80 | B83: City Hotel | C83: 1 | D83: 292 | E83: 2015 | F83: August | G83: 32 | H83: 5 | I83: 0 | J83: 2 | K83: 2 | L83: 0 | M83: 0 | N83: BB | O83: PRT | P83: Groups | Q83: TA/TO | R83: 0 | S83: 1 | T83: 0 | U83: A | V83: A | W83: 0 | X83: Non Refund | Y83: 1 | AA83: 0 | AB83: Transient-Party | AC83: 62 | AD83: 0 | AE83: 0 | AF83: Canceled | AG83: 42187 | AH83: =B83&"|"&C83&"|"&D83&"|"&E83&"|"&F83&"|"&G83&"|"&H83&"|"&I83&"|"&J83&"|"&K83&"|"&L83&"|"&M83&"|"&N83&"|"&O83&"|"&P83&"|"&Q83&"|"&R83&"|"&S83&"|"&T83&"|"&U83&"|"&V83&"|"&W83&"|"&X83&"|"&Y83&"|"&Z83&"|"&AA83&"|"&AB83&"|"&AC83&"|"&AD83&"|"&AE83&"|"&AF83&"|"&AG83 -> City Hotel|1|292|2015|August|32|5|0|2|2|0|0|BB|PRT|Groups|TA/TO|0|1|0|A|A|0|Non Refund|1||0|Transient-Party|62|0|0|Canceled|42187 | AI83: =IF(COUNTIF($AH$4:$AH$2603,AH83)>1,"Duplicate","Unique") -> Unique | AJ83: =IF(COUNTBLANK(B83:AG83)>0,"Missing ("&COUNTBLANK(B83:AG83)&")","Complete") -> Missing (1)
A84: 81 | B84: City Hotel | C84: 0 | D84: 16 | E84: 2016 | F84: December | G84: 50 | H84: 4 | I84: 2 | J84: 0 | K84: 2 | L84: 1 | M84: 0 | N84: BB | O84: ESP | P84: Online TA | Q84: TA/TO | R84: 0 | S84: 0 | T84: 0 | U84: A | V84: A | W84: 0 | X84: No Deposit | Y84: 9 | AA84: 0 | AB84: Transient | AC84: 118.8 | AD84: 0 | AE84: 1 | AF84: Check-Out | AG84: 42710 | AH84: =B84&"|"&C84&"|"&D84&"|"&E84&"|"&F84&"|"&G84&"|"&H84&"|"&I84&"|"&J84&"|"&K84&"|"&L84&"|"&M84&"|"&N84&"|"&O84&"|"&P84&"|"&Q84&"|"&R84&"|"&S84&"|"&T84&"|"&U84&"|"&V84&"|"&W84&"|"&X84&"|"&Y84&"|"&Z84&"|"&AA84&"|"&AB84&"|"&AC84&"|"&AD84&"|"&AE84&"|"&AF84&"|"&AG84 -> City Hotel|0|16|2016|December|50|4|2|0|2|1|0|BB|ESP|Online TA|TA/TO|0|0|0|A|A|0|No Deposit|9||0|Transient|118.8|0|1|Check-Out|42710 | AI84: =IF(COUNTIF($AH$4:$AH$2603,AH84)>1,"Duplicate","Unique") -> Unique | AJ84: =IF(COUNTBLANK(B84:AG84)>0,"Missing ("&COUNTBLANK(B84:AG84)&")","Complete") -> Missing (1)
A85: 82 | B85: City Hotel | C85: 0 | D85: 70 | E85: 2016 | F85: April | G85: 17 | H85: 22 | I85: 2 | J85: 2 | K85: 2 | L85: 0 | M85: 0 | N85: BB | O85: NLD | P85: Online TA | Q85: TA/TO | R85: 0 | S85: 0 | T85: 0 | U85: A | V85: A | W85: 0 | X85: No Deposit | Y85: 9 | AA85: 0 | AB85: Transient | AC85: 97.33 | AD85: 0 | AE85: 0 | AF85: Check-Out | AG85: 42486 | AH85: =B85&"|"&C85&"|"&D85&"|"&E85&"|"&F85&"|"&G85&"|"&H85&"|"&I85&"|"&J85&"|"&K85&"|"&L85&"|"&M85&"|"&N85&"|"&O85&"|"&P85&"|"&Q85&"|"&R85&"|"&S85&"|"&T85&"|"&U85&"|"&V85&"|"&W85&"|"&X85&"|"&Y85&"|"&Z85&"|"&AA85&"|"&AB85&"|"&AC85&"|"&AD85&"|"&AE85&"|"&AF85&"|"&AG85 -> City Hotel|0|70|2016|April|17|22|2|2|2|0|0|BB|NLD|Online TA|TA/TO|0|0|0|A|A|0|No Deposit|9||0|Transient|97.33|0|0|Check-Out|42486 | AI85: =IF(COUNTIF($AH$4:$AH$2603,AH85)>1,"Duplicate","Unique") -> Unique | AJ85: =IF(COUNTBLANK(B85:AG85)>0,"Missing ("&COUNTBLANK(B85:AG85)&")","Complete") -> Missing (1)
A86: 83 | B86: Resort Hotel | C86: 1 | D86: 49 | E86: 2015 | F86: July | G86: 30 | H86: 20 | I86: 3 | J86: 6 | K86: 2 | L86: 0 | M86: 0 | N86: FB | O86: PRT | P86: Offline TA/TO | Q86: TA/TO | R86: 0 | S86: 0 | T86: 0 | U86: D | V86: D | W86: 0 | X86: No Deposit | Y86: 15 | AA86: 0 | AB86: Transient | AC86: 111.2 | AD86: 0 | AE86: 0 | AF86: Canceled | AG86: 42156 | AH86: =B86&"|"&C86&"|"&D86&"|"&E86&"|"&F86&"|"&G86&"|"&H86&"|"&I86&"|"&J86&"|"&K86&"|"&L86&"|"&M86&"|"&N86&"|"&O86&"|"&P86&"|"&Q86&"|"&R86&"|"&S86&"|"&T86&"|"&U86&"|"&V86&"|"&W86&"|"&X86&"|"&Y86&"|"&Z86&"|"&AA86&"|"&AB86&"|"&AC86&"|"&AD86&"|"&AE86&"|"&AF86&"|"&AG86 -> Resort Hotel|1|49|2015|July|30|20|3|6|2|0|0|FB|PRT|Offline TA/TO|TA/TO|0|0|0|D|D|0|No Deposit|15||0|Transient|111.2|0|0|Canceled|42156 | AI86: =IF(COUNTIF($AH$4:$AH$2603,AH86)>1,"Duplicate","Unique") -> Unique | AJ86: =IF(COUNTBLANK(B86:AG86)>0,"Missing ("&COUNTBLANK(B86:AG86)&")","Complete") -> Missing (1)
A87: 84 | B87: City Hotel | C87: 1 | D87: 379 | E87: 2015 | F87: October | G87: 44 | H87: 31 | I87: 1 | J87: 1 | K87: 2 | L87: 0 | M87: 0 | N87: BB | O87: PRT | P87: Groups | Q87: TA/TO | R87: 0 | S87: 1 | T87: 0 | U87: A | V87: A | W87: 0 | X87: Non Refund | Y87: 1 | AA87: 0 | AB87: Transient | AC87: 62 | AD87: 0 | AE87: 0 | AF87: Canceled | AG87: 42208 | AH87: =B87&"|"&C87&"|"&D87&"|"&E87&"|"&F87&"|"&G87&"|"&H87&"|"&I87&"|"&J87&"|"&K87&"|"&L87&"|"&M87&"|"&N87&"|"&O87&"|"&P87&"|"&Q87&"|"&R87&"|"&S87&"|"&T87&"|"&U87&"|"&V87&"|"&W87&"|"&X87&"|"&Y87&"|"&Z87&"|"&AA87&"|"&AB87&"|"&AC87&"|"&AD87&"|"&AE87&"|"&AF87&"|"&AG87 -> City Hotel|1|379|2015|October|44|31|1|1|2|0|0|BB|PRT|Groups|TA/TO|0|1|0|A|A|0|Non Refund|1||0|Transient|62|0|0|Canceled|42208 | AI87: =IF(COUNTIF($AH$4:$AH$2603,AH87)>1,"Duplicate","Unique") -> Unique | AJ87: =IF(COUNTBLANK(B87:AG87)>0,"Missing ("&COUNTBLANK(B87:AG87)&")","Complete") -> Missing (1)
A88: 85 | B88: Resort Hotel | C88: 1 | D88: 289 | E88: 2017 | F88: July | G88: 30 | H88: 25 | I88: 0 | J88: 4 | K88: 2 | L88: 1 | M88: 0 | N88: BB | O88: AUS | P88: Online TA | Q88: TA/TO | R88: 0 | S88: 0 | T88: 0 | U88: E | V88: E | W88: 0 | X88: No Deposit | Y88: 240 | AA88: 0 | AB88: Transient | AC88: 172.8 | AD88: 0 | AE88: 0 | AF88: Canceled | AG88: 42844 | AH88: =B88&"|"&C88&"|"&D88&"|"&E88&"|"&F88&"|"&G88&"|"&H88&"|"&I88&"|"&J88&"|"&K88&"|"&L88&"|"&M88&"|"&N88&"|"&O88&"|"&P88&"|"&Q88&"|"&R88&"|"&S88&"|"&T88&"|"&U88&"|"&V88&"|"&W88&"|"&X88&"|"&Y88&"|"&Z88&"|"&AA88&"|"&AB88&"|"&AC88&"|"&AD88&"|"&AE88&"|"&AF88&"|"&AG88 -> Resort Hotel|1|289|2017|July|30|25|0|4|2|1|0|BB|AUS|Online TA|TA/TO|0|0|0|E|E|0|No Deposit|240||0|Transient|172.8|0|0|Canceled|42844 | AI88: =IF(COUNTIF($AH$4:$AH$2603,AH88)>1,"Duplicate","Unique") -> Unique | AJ88: =IF(COUNTBLANK(B88:AG88)>0,"Missing ("&COUNTBLANK(B88:AG88)&")","Complete") -> Missing (1)
A89: 86 | B89: Resort Hotel | C89: 1 | D89: 108 | E89: 2016 | F89: April | G89: 18 | H89: 29 | I89: 2 | J89: 2 | K89: 2 | L89: 0 | M89: 0 | N89: HB | O89: PRT | P89: Groups | Q89: TA/TO | R89: 0 | S89: 0 | T89: 0 | U89: A | V89: A | W89: 0 | X89: Non Refund | AA89: 0 | AB89: Transient | AC89: 84 | AD89: 0 | AE89: 0 | AF89: Canceled | AG89: 42412 | AH89: =B89&"|"&C89&"|"&D89&"|"&E89&"|"&F89&"|"&G89&"|"&H89&"|"&I89&"|"&J89&"|"&K89&"|"&L89&"|"&M89&"|"&N89&"|"&O89&"|"&P89&"|"&Q89&"|"&R89&"|"&S89&"|"&T89&"|"&U89&"|"&V89&"|"&W89&"|"&X89&"|"&Y89&"|"&Z89&"|"&AA89&"|"&AB89&"|"&AC89&"|"&AD89&"|"&AE89&"|"&AF89&"|"&AG89 -> Resort Hotel|1|108|2016|April|18|29|2|2|2|0|0|HB|PRT|Groups|TA/TO|0|0|0|A|A|0|Non Refund|||0|Transient|84|0|0|Canceled|42412 | AI89: =IF(COUNTIF($AH$4:$AH$2603,AH89)>1,"Duplicate","Unique") -> Unique | AJ89: =IF(COUNTBLANK(B89:AG89)>0,"Missing ("&COUNTBLANK(B89:AG89)&")","Complete") -> Missing (2)
A90: 87 | B90: Resort Hotel | C90: 0 | D90: 128 | E90: 2016 | F90: December | G90: 50 | H90: 8 | I90: 0 | J90: 3 | K90: 2 | L90: 0 | M90: 0 | N90: BB | O90: GBR | P90: Online TA | Q90: TA/TO | R90: 0 | S90: 0 | T90: 0 | U90: D | V90: D | W90: 0 | X90: No Deposit | Y90: 241 | AA90: 0 | AB90: Transient | AC90: 36.04 | AD90: 0 | AE90: 2 | AF90: Check-Out | AG90: 42715 | AH90: =B90&"|"&C90&"|"&D90&"|"&E90&"|"&F90&"|"&G90&"|"&H90&"|"&I90&"|"&J90&"|"&K90&"|"&L90&"|"&M90&"|"&N90&"|"&O90&"|"&P90&"|"&Q90&"|"&R90&"|"&S90&"|"&T90&"|"&U90&"|"&V90&"|"&W90&"|"&X90&"|"&Y90&"|"&Z90&"|"&AA90&"|"&AB90&"|"&AC90&"|"&AD90&"|"&AE90&"|"&AF90&"|"&AG90 -> Resort Hotel|0|128|2016|December|50|8|0|3|2|0|0|BB|GBR|Online TA|TA/TO|0|0|0|D|D|0|No Deposit|241||0|Transient|36.04|0|2|Check-Out|42715 | AI90: =IF(COUNTIF($AH$4:$AH$2603,AH90)>1,"Duplicate","Unique") -> Unique | AJ90: =IF(COUNTBLANK(B90:AG90)>0,"Missing ("&COUNTBLANK(B90:AG90)&")","Complete") -> Missing (1)
A91: 88 | B91: Resort Hotel | C91: 0 | D91: 18 | E91: 2016 | F91: April | G91: 15 | H91: 9 | I91: 2 | J91: 3 | K91: 1 | L91: 0 | M91: 0 | N91: BB | O91: GBR | P91: Offline TA/TO | Q91: TA/TO | R91: 0 | S91: 0 | T91: 0 | U91: A | V91: A | W91: 0 | X91: No Deposit | Y91: 40 | AA91: 0 | AB91: Contract | AC91: 33.3 | AD91: 0 | AE91: 0 | AF91: Check-Out | AG91: 42474 | AH91: =B91&"|"&C91&"|"&D91&"|"&E91&"|"&F91&"|"&G91&"|"&H91&"|"&I91&"|"&J91&"|"&K91&"|"&L91&"|"&M91&"|"&N91&"|"&O91&"|"&P91&"|"&Q91&"|"&R91&"|"&S91&"|"&T91&"|"&U91&"|"&V91&"|"&W91&"|"&X91&"|"&Y91&"|"&Z91&"|"&AA91&"|"&AB91&"|"&AC91&"|"&AD91&"|"&AE91&"|"&AF91&"|"&AG91 -> Resort Hotel|0|18|2016|April|15|9|2|3|1|0|0|BB|GBR|Offline TA/TO|TA/TO|0|0|0|A|A|0|No Deposit|40||0|Contract|33.3|0|0|Check-Out|42474 | AI91: =IF(COUNTIF($AH$4:$AH$2603,AH91)>1,"Duplicate","Unique") -> Unique | AJ91: =IF(COUNTBLANK(B91:AG91)>0,"Missing ("&COUNTBLANK(B91:AG91)&")","Complete") -> Missing (1)
A92: 89 | B92: Resort Hotel | C92: 1 | D92: 46 | E92: 2017 | F92: August | G92: 32 | H92: 12 | I92: 2 | J92: 5 | K92: 2 | L92: 0 | M92: 0 | N92: BB | O92: PRT | P92: Offline TA/TO | Q92: TA/TO | R92: 0 | S92: 0 | T92: 0 | U92: A | V92: A | W92: 0 | X92: No Deposit | Y92: 261 | AA92: 0 | AB92: Transient | AC92: 212 | AD92: 0 | AE92: 0 | AF92: Canceled | AG92: 42928 | AH92: =B92&"|"&C92&"|"&D92&"|"&E92&"|"&F92&"|"&G92&"|"&H92&"|"&I92&"|"&J92&"|"&K92&"|"&L92&"|"&M92&"|"&N92&"|"&O92&"|"&P92&"|"&Q92&"|"&R92&"|"&S92&"|"&T92&"|"&U92&"|"&V92&"|"&W92&"|"&X92&"|"&Y92&"|"&Z92&"|"&AA92&"|"&AB92&"|"&AC92&"|"&AD92&"|"&AE92&"|"&AF92&"|"&AG92 -> Resort Hotel|1|46|2017|August|32|12|2|5|2|0|0|BB|PRT|Offline TA/TO|TA/TO|0|0|0|A|A|0|No Deposit|261||0|Transient|212|0|0|Canceled|42928 | AI92: =IF(COUNTIF($AH$4:$AH$2603,AH92)>1,"Duplicate","Unique") -> Unique | AJ92: =IF(COUNTBLANK(B92:AG92)>0,"Missing ("&COUNTBLANK(B92:AG92)&")","Complete") -> Missing (1)
A93: 90 | B93: City Hotel | C93: 0 | D93: 4 | E93: 2015 | F93: August | G93: 33 | H93: 11 | I93: 0 | J93: 5 | K93: 2 | L93: 0 | M93: 0 | N93: BB | O93: FRA | P93: Online TA | Q93: TA/TO | R93: 0 | S93: 0 | T93: 0 | U93: A | V93: A | W93: 0 | X93: No Deposit | Y93: 9 | AA93: 0 | AB93: Contract | AC93: 90 | AD93: 0 | AE93: 2 | AF93: Check-Out | AG93: 42232 | AH93: =B93&"|"&C93&"|"&D93&"|"&E93&"|"&F93&"|"&G93&"|"&H93&"|"&I93&"|"&J93&"|"&K93&"|"&L93&"|"&M93&"|"&N93&"|"&O93&"|"&P93&"|"&Q93&"|"&R93&"|"&S93&"|"&T93&"|"&U93&"|"&V93&"|"&W93&"|"&X93&"|"&Y93&"|"&Z93&"|"&AA93&"|"&AB93&"|"&AC93&"|"&AD93&"|"&AE93&"|"&AF93&"|"&AG93 -> City Hotel|0|4|2015|August|33|11|0|5|2|0|0|BB|FRA|Online TA|TA/TO|0|0|0|A|A|0|No Deposit|9||0|Contract|90|0|2|Check-Out|42232 | AI93: =IF(COUNTIF($AH$4:$AH$2603,AH93)>1,"Duplicate","Unique") -> Unique | AJ93: =IF(COUNTBLANK(B93:AG93)>0,"Missing ("&COUNTBLANK(B93:AG93)&")","Complete") -> Missing (1)
A94: 91 | B94: City Hotel | C94: 1 | D94: 332 | E94: 2017 | F94: April | G94: 16 | H94: 22 | I94: 1 | J94: 1 | K94: 2 | L94: 1 | M94: 0 | N94: BB | O94: BEL | P94: Online TA | Q94: TA/TO | R94: 0 | S94: 0 | T94: 0 | U94: A | V94: A | W94: 0 | X94: No Deposit | Y94: 9 | AA94: 0 | AB94: Transient | AC94: 125.1 | AD94: 0 | AE94: 0 | AF94: Canceled | AG94: 42528 | AH94: =B94&"|"&C94&"|"&D94&"|"&E94&"|"&F94&"|"&G94&"|"&H94&"|"&I94&"|"&J94&"|"&K94&"|"&L94&"|"&M94&"|"&N94&"|"&O94&"|"&P94&"|"&Q94&"|"&R94&"|"&S94&"|"&T94&"|"&U94&"|"&V94&"|"&W94&"|"&X94&"|"&Y94&"|"&Z94&"|"&AA94&"|"&AB94&"|"&AC94&"|"&AD94&"|"&AE94&"|"&AF94&"|"&AG94 -> City Hotel|1|332|2017|April|16|22|1|1|2|1|0|BB|BEL|Online TA|TA/TO|0|0|0|A|A|0|No Deposit|9||0|Transient|125.1|0|0|Canceled|42528 | AI94: =IF(COUNTIF($AH$4:$AH$2603,AH94)>1,"Duplicate","Unique") -> Unique | AJ94: =IF(COUNTBLANK(B94:AG94)>0,"Missing ("&COUNTBLANK(B94:AG94)&")","Complete") -> Missing (1)
A95: 92 | B95: City Hotel | C95: 0 | D95: 28 | E95: 2017 | F95: February | G95: 7 | H95: 13 | I95: 1 | J95: 2 | K95: 2 | L95: 0 | M95: 0 | N95: BB | O95: FRA | P95: Offline TA/TO | Q95: TA/TO | R95: 0 | S95: 0 | T95: 0 | U95: A | V95: D | W95: 0 | X95: No Deposit | Y95: 28 | AA95: 0 | AB95: Transient | AC95: 75 | AD95: 0 | AE95: 0 | AF95: Check-Out | AG95: 42782 | AH95: =B95&"|"&C95&"|"&D95&"|"&E95&"|"&F95&"|"&G95&"|"&H95&"|"&I95&"|"&J95&"|"&K95&"|"&L95&"|"&M95&"|"&N95&"|"&O95&"|"&P95&"|"&Q95&"|"&R95&"|"&S95&"|"&T95&"|"&U95&"|"&V95&"|"&W95&"|"&X95&"|"&Y95&"|"&Z95&"|"&AA95&"|"&AB95&"|"&AC95&"|"&AD95&"|"&AE95&"|"&AF95&"|"&AG95 -> City Hotel|0|28|2017|February|7|13|1|2|2|0|0|BB|FRA|Offline TA/TO|TA/TO|0|0|0|A|D|0|No Deposit|28||0|Transient|75|0|0|Check-Out|42782 | AI95: =IF(COUNTIF($AH$4:$AH$2603,AH95)>1,"Duplicate","Unique") -> Unique | AJ95: =IF(COUNTBLANK(B95:AG95)>0,"Missing ("&COUNTBLANK(B95:AG95)&")","Complete") -> Missing (1)
A96: 93 | B96: Resort Hotel | C96: 0 | D96: 1 | E96: 2015 | F96: October | G96: 42 | H96: 13 | I96: 0 | J96: 1 | K96: 2 | L96: 0 | M96: 0 | N96: BB | O96: USA | P96: Online TA | Q96: TA/TO | R96: 0 | S96: 0 | T96: 0 | U96: D | V96: D | W96: 1 | X96: No Deposit | Y96: 240 | AA96: 0 | AB96: Transient | AC96: 66 | AD96: 0 | AE96: 1 | AF96: Check-Out | AG96: 42291 | AH96: =B96&"|"&C96&"|"&D96&"|"&E96&"|"&F96&"|"&G96&"|"&H96&"|"&I96&"|"&J96&"|"&K96&"|"&L96&"|"&M96&"|"&N96&"|"&O96&"|"&P96&"|"&Q96&"|"&R96&"|"&S96&"|"&T96&"|"&U96&"|"&V96&"|"&W96&"|"&X96&"|"&Y96&"|"&Z96&"|"&AA96&"|"&AB96&"|"&AC96&"|"&AD96&"|"&AE96&"|"&AF96&"|"&AG96 -> Resort Hotel|0|1|2015|October|42|13|0|1|2|0|0|BB|USA|Online TA|TA/TO|0|0|0|D|D|1|No Deposit|240||0|Transient|66|0|1|Check-Out|42291 | AI96: =IF(COUNTIF($AH$4:$AH$2603,AH96)>1,"Duplicate","Unique") -> Unique | AJ96: =IF(COUNTBLANK(B96:AG96)>0,"Missing ("&COUNTBLANK(B96:AG96)&")","Complete") -> Missing (1)
A97: 94 | B97: City Hotel | C97: 0 | D97: 53 | E97: 2015 | F97: October | G97: 41 | H97: 9 | I97: 1 | J97: 2 | K97: 2 | L97: 0 | M97: 0 | N97: BB | O97: GBR | P97: Online TA | Q97: TA/TO | R97: 0 | S97: 0 | T97: 0 | U97: A | V97: A | W97: 0 | X97: No Deposit | Y97: 9 | AA97: 0 | AB97: Contract | AC97: 94.5 | AD97: 0 | AE97: 0 | AF97: Check-Out | AG97: 42289 | AH97: =B97&"|"&C97&"|"&D97&"|"&E97&"|"&F97&"|"&G97&"|"&H97&"|"&I97&"|"&J97&"|"&K97&"|"&L97&"|"&M97&"|"&N97&"|"&O97&"|"&P97&"|"&Q97&"|"&R97&"|"&S97&"|"&T97&"|"&U97&"|"&V97&"|"&W97&"|"&X97&"|"&Y97&"|"&Z97&"|"&AA97&"|"&AB97&"|"&AC97&"|"&AD97&"|"&AE97&"|"&AF97&"|"&AG97 -> City Hotel|0|53|2015|October|41|9|1|2|2|0|0|BB|GBR|Online TA|TA/TO|0|0|0|A|A|0|No Deposit|9||0|Contract|94.5|0|0|Check-Out|42289 | AI97: =IF(COUNTIF($AH$4:$AH$2603,AH97)>1,"Duplicate","Unique") -> Unique | AJ97: =IF(COUNTBLANK(B97:AG97)>0,"Missing ("&COUNTBLANK(B97:AG97)&")","Complete") -> Missing (1)
A98: 95 | B98: Resort Hotel | C98: 1 | D98: 260 | E98: 2015 | F98: December | G98: 52 | H98: 20 | I98: 4 | J98: 9 | K98: 1 | L98: 0 | M98: 0 | N98: BB | O98: PRT | P98: Online TA | Q98: TA/TO | R98: 0 | S98: 0 | T98: 0 | U98: D | V98: D | W98: 0 | X98: No Deposit | Y98: 240 | AA98: 0 | AB98: Transient | AC98: 47.54 | AD98: 0 | AE98: 1 | AF98: Canceled | AG98: 42240 | AH98: =B98&"|"&C98&"|"&D98&"|"&E98&"|"&F98&"|"&G98&"|"&H98&"|"&I98&"|"&J98&"|"&K98&"|"&L98&"|"&M98&"|"&N98&"|"&O98&"|"&P98&"|"&Q98&"|"&R98&"|"&S98&"|"&T98&"|"&U98&"|"&V98&"|"&W98&"|"&X98&"|"&Y98&"|"&Z98&"|"&AA98&"|"&AB98&"|"&AC98&"|"&AD98&"|"&AE98&"|"&AF98&"|"&AG98 -> Resort Hotel|1|260|2015|December|52|20|4|9|1|0|0|BB|PRT|Online TA|TA/TO|0|0|0|D|D|0|No Deposit|240||0|Transient|47.54|0|1|Canceled|42240 | AI98: =IF(COUNTIF($AH$4:$AH$2603,AH98)>1,"Duplicate","Unique") -> Unique | AJ98: =IF(COUNTBLANK(B98:AG98)>0,"Missing ("&COUNTBLANK(B98:AG98)&")","Complete") -> Missing (1)
A99: 96 | B99: Resort Hotel | C99: 0 | D99: 166 | E99: 2016 | F99: August | G99: 35 | H99: 27 | I99: 2 | J99: 2 | K99: 1 | L99: 0 | M99: 0 | N99: BB | O99: GBR | P99: Offline TA/TO | Q99: TA/TO | R99: 0 | S99: 0 | T99: 0 | U99: A | V99: A | W99: 0 | X99: No Deposit | Y99: 171 | AA99: 0 | AB99: Transient-Party | AC99: 100.8 | AD99: 0 | AE99: 0 | AF99: Check-Out | AG99: 42613 | AH99: =B99&"|"&C99&"|"&D99&"|"&E99&"|"&F99&"|"&G99&"|"&H99&"|"&I99&"|"&J99&"|"&K99&"|"&L99&"|"&M99&"|"&N99&"|"&O99&"|"&P99&"|"&Q99&"|"&R99&"|"&S99&"|"&T99&"|"&U99&"|"&V99&"|"&W99&"|"&X99&"|"&Y99&"|"&Z99&"|"&AA99&"|"&AB99&"|"&AC99&"|"&AD99&"|"&AE99&"|"&AF99&"|"&AG99 -> Resort Hotel|0|166|2016|August|35|27|2|2|1|0|0|BB|GBR|Offline TA/TO|TA/TO|0|0|0|A|A|0|No Deposit|171||0|Transient-Party|100.8|0|0|Check-Out|42613 | AI99: =IF(COUNTIF($AH$4:$AH$2603,AH99)>1,"Duplicate","Unique") -> Unique | AJ99: =IF(COUNTBLANK(B99:AG99)>0,"Missing ("&COUNTBLANK(B99:AG99)&")","Complete") -> Missing (1)
A100: 97 | B100: City Hotel | C100: 0 | D100: 76 | E100: 2017 | F100: July | G100: 29 | H100: 16 | I100: 2 | J100: 3 | K100: 2 | L100: 0 | M100: 0 | N100: BB | O100: DEU | P100: Direct | Q100: Direct | R100: 0 | S100: 0 | T100: 0 | U100: A | V100: A | W100: 0 | X100: No Deposit | Y100: 14 | AA100: 0 | AB100: Transient | AC100: 108 | AD100: 0 | AE100: 0 | AF100: Check-Out | AG100: 42937 | AH100: =B100&"|"&C100&"|"&D100&"|"&E100&"|"&F100&"|"&G100&"|"&H100&"|"&I100&"|"&J100&"|"&K100&"|"&L100&"|"&M100&"|"&N100&"|"&O100&"|"&P100&"|"&Q100&"|"&R100&"|"&S100&"|"&T100&"|"&U100&"|"&V100&"|"&W100&"|"&X100&"|"&Y100&"|"&Z100&"|"&AA100&"|"&AB100&"|"&AC100&"|"&AD100&"|"&AE100&"|"&AF100&"|"&AG100 -> City Hotel|0|76|2017|July|29|16|2|3|2|0|0|BB|DEU|Direct|Direct|0|0|0|A|A|0|No Deposit|14||0|Transient|108|0|0|Check-Out|42937 | AI100: =IF(COUNTIF($AH$4:$AH$2603,AH100)>1,"Duplicate","Unique") -> Unique | AJ100: =IF(COUNTBLANK(B100:AG100)>0,"Missing ("&COUNTBLANK(B100:AG100)&")","Complete") -> Missing (1)
A101: 98 | B101: City Hotel | C101: 0 | D101: 1 | E101: 2015 | F101: August | G101: 33 | H101: 9 | I101: 1 | J101: 0 | K101: 2 | L101: 2 | M101: 0 | N101: BB | O101: PRT | P101: Online TA | Q101: TA/TO | R101: 0 | S101: 0 | T101: 0 | U101: F | V101: F | W101: 0 | X101: No Deposit | Y101: 9 | AA101: 0 | AB101: Transient | AC101: 153 | AD101: 0 | AE101: 2 | AF101: Check-Out | AG101: 42226 | AH101: =B101&"|"&C101&"|"&D101&"|"&E101&"|"&F101&"|"&G101&"|"&H101&"|"&I101&"|"&J101&"|"&K101&"|"&L101&"|"&M101&"|"&N101&"|"&O101&"|"&P101&"|"&Q101&"|"&R101&"|"&S101&"|"&T101&"|"&U101&"|"&V101&"|"&W101&"|"&X101&"|"&Y101&"|"&Z101&"|"&AA101&"|"&AB101&"|"&AC101&"|"&AD101&"|"&AE101&"|"&AF101&"|"&AG101 -> City Hotel|0|1|2015|August|33|9|1|0|2|2|0|BB|PRT|Online TA|TA/TO|0|0|0|F|F|0|No Deposit|9||0|Transient|153|0|2|Check-Out|42226 | AI101: =IF(COUNTIF($AH$4:$AH$2603,AH101)>1,"Duplicate","Unique") -> Unique | AJ101: =IF(COUNTBLANK(B101:AG101)>0,"Missing ("&COUNTBLANK(B101:AG101)&")","Complete") -> Missing (1)
... A106: 103 | B106: City Hotel | C106: 1 | D106: 97 | E106: 2015 | F106: October | G106: 41 | H106: 5 | I106: 1 | J106: 3 | K106: 1 | L106: 0 | M106: 0 | N106: BB | O106: PRT | P106: Groups | Q106: TA/TO | R106: 0 | S106: 0 | T106: 0 | U106: A | V106: A | W106: 0 | X106: Non Refund | Y106: 29 | AA106: 0 | AB106: Transient | AC106: 140 | AD106: 0 | AE106: 0 | AF106: Canceled | AG106: 42188 | AH106: =B106&"|"&C106&"|"&D106&"|"&E106&"|"&F106&"|"&G106&"|"&H106&"|"&I106&"|"&J106&"|"&K106&"|"&L106&"|"&M106&"|"&N106&"|"&O106&"|"&P106&"|"&Q106&"|"&R106&"|"&S106&"|"&T106&"|"&U106&"|"&V106&"|"&W106&"|"&X106&"|"&Y106&"|"&Z106&"|"&AA106&"|"&AB106&"|"&AC106&"|"&AD106&"|"&AE106&"|"&AF106&"|"&AG106 -> City Hotel|1|97|2015|October|41|5|1|3|1|0|0|BB|PRT|Groups|TA/TO|0|0|0|A|A|0|Non Refund|29||0|Transient|140|0|0|Canceled|42188 | AI106: =IF(COUNTIF($AH$4:$AH$2603,AH106)>1,"Duplicate","Unique") -> Duplicate | AJ106: =IF(COUNTBLANK(B106:AG106)>0,"Missing ("&COUNTBLANK(B106:AG106)&")","Complete") -> Missing (1)
A107: 104 | B107: Resort Hotel | C107: 0 | D107: 2 | E107: 2015 | F107: October | G107: 41 | H107: 9 | I107: 0 | J107: 1 | K107: 1 | L107: 0 | M107: 0 | N107: BB | O107: PRT | P107: Groups | Q107: Corporate | R107: 0 | S107: 0 | T107: 1 | U107: A | V107: D | W107: 0 | X107: No Deposit | Z107: 86 | AA107: 0 | AB107: Transient | AC107: 48 | AD107: 0 | AE107: 0 | AF107: Check-Out | AG107: 42287 | AH107: =B107&"|"&C107&"|"&D107&"|"&E107&"|"&F107&"|"&G107&"|"&H107&"|"&I107&"|"&J107&"|"&K107&"|"&L107&"|"&M107&"|"&N107&"|"&O107&"|"&P107&"|"&Q107&"|"&R107&"|"&S107&"|"&T107&"|"&U107&"|"&V107&"|"&W107&"|"&X107&"|"&Y107&"|"&Z107&"|"&AA107&"|"&AB107&"|"&AC107&"|"&AD107&"|"&AE107&"|"&AF107&"|"&AG107 -> Resort Hotel|0|2|2015|October|41|9|0|1|1|0|0|BB|PRT|Groups|Corporate|0|0|1|A|D|0|No Deposit||86|0|Transient|48|0|0|Check-Out|42287 | AI107: =IF(COUNTIF($AH$4:$AH$2603,AH107)>1,"Duplicate","Unique") -> Unique | AJ107: =IF(COUNTBLANK(B107:AG107)>0,"Missing ("&COUNTBLANK(B107:AG107)&")","Complete") -> Missing (1)
A108: 105 | B108: Resort Hotel | C108: 0 | D108: 8 | E108: 2015 | F108: July | G108: 28 | H108: 7 | I108: 0 | J108: 4 | K108: 3 | L108: 2 | M108: 0 | N108: BB | O108: ESP | P108: Online TA | Q108: TA/TO | R108: 0 | S108: 0 | T108: 0 | U108: H | V108: H | W108: 2 | X108: No Deposit | Y108: 240 | AA108: 0 | AB108: Transient | AC108: 193 | AD108: 0 | AE108: 1 | AF108: Check-Out | AG108: 42196 | AH108: =B108&"|"&C108&"|"&D108&"|"&E108&"|"&F108&"|"&G108&"|"&H108&"|"&I108&"|"&J108&"|"&K108&"|"&L108&"|"&M108&"|"&N108&"|"&O108&"|"&P108&"|"&Q108&"|"&R108&"|"&S108&"|"&T108&"|"&U108&"|"&V108&"|"&W108&"|"&X108&"|"&Y108&"|"&Z108&"|"&AA108&"|"&AB108&"|"&AC108&"|"&AD108&"|"&AE108&"|"&AF108&"|"&AG108 -> Resort Hotel|0|8|2015|July|28|7|0|4|3|2|0|BB|ESP|Online TA|TA/TO|0|0|0|H|H|2|No Deposit|240||0|Transient|193|0|1|Check-Out|42196 | AI108: =IF(COUNTIF($AH$4:$AH$2603,AH108)>1,"Duplicate","Unique") -> Unique | AJ108: =IF(COUNTBLANK(B108:AG108)>0,"Missing ("&COUNTBLANK(B108:AG108)&")","Complete") -> Missing (1)
A109: 106 | B109: Resort Hotel | C109: 1 | D109: 468 | E109: 2016 | F109: May | G109: 20 | H109: 12 | I109: 0 | J109: 2 | K109: 2 | L109: 0 | M109: 0 | N109: HB | O109: PRT | P109: Groups | Q109: TA/TO | R109: 0 | S109: 1 | T109: 0 | U109: A | V109: A | W109: 0 | X109: No Deposit | Y109: 249 | AA109: 0 | AB109: Transient-Party | AC109: 67 | AD109: 0 | AE109: 0 | AF109: Canceled | AG109: 42215 | AH109: =B109&"|"&C109&"|"&D109&"|"&E109&"|"&F109&"|"&G109&"|"&H109&"|"&I109&"|"&J109&"|"&K109&"|"&L109&"|"&M109&"|"&N109&"|"&O109&"|"&P109&"|"&Q109&"|"&R109&"|"&S109&"|"&T109&"|"&U109&"|"&V109&"|"&W109&"|"&X109&"|"&Y109&"|"&Z109&"|"&AA109&"|"&AB109&"|"&AC109&"|"&AD109&"|"&AE109&"|"&AF109&"|"&AG109 -> Resort Hotel|1|468|2016|May|20|12|0|2|2|0|0|HB|PRT|Groups|TA/TO|0|1|0|A|A|0|No Deposit|249||0|Transient-Party|67|0|0|Canceled|42215 | AI109: =IF(COUNTIF($AH$4:$AH$2603,AH109)>1,"Duplicate","Unique") -> Unique | AJ109: =IF(COUNTBLANK(B109:AG109)>0,"Missing ("&COUNTBLANK(B109:AG109)&")","Complete") -> Missing (1)
A110: 107 | B110: Resort Hotel | C110: 0 | D110: 36 | E110: 2016 | F110: June | G110: 24 | H110: 9 | I110: 0 | J110: 3 | K110: 2 | L110: 1 | M110: 0 | N110: BB | O110: ESP | P110: Online TA | Q110: TA/TO | R110: 0 | S110: 0 | T110: 0 | U110: F | V110: G | W110: 0 | X110: No Deposit | Y110: 241 | AA110: 0 | AB110: Transient | AC110: 153.03 | AD110: 1 | AE110: 1 | AF110: Check-Out | AG110: 42533 | AH110: =B110&"|"&C110&"|"&D110&"|"&E110&"|"&F110&"|"&G110&"|"&H110&"|"&I110&"|"&J110&"|"&K110&"|"&L110&"|"&M110&"|"&N110&"|"&O110&"|"&P110&"|"&Q110&"|"&R110&"|"&S110&"|"&T110&"|"&U110&"|"&V110&"|"&W110&"|"&X110&"|"&Y110&"|"&Z110&"|"&AA110&"|"&AB110&"|"&AC110&"|"&AD110&"|"&AE110&"|"&AF110&"|"&AG110 -> Resort Hotel|0|36|2016|June|24|9|0|3|2|1|0|BB|ESP|Online TA|TA/TO|0|0|0|F|G|0|No Deposit|241||0|Transient|153.03|1|1|Check-Out|42533 | AI110: =IF(COUNTIF($AH$4:$AH$2603,AH110)>1,"Duplicate","Unique") -> Unique | AJ110: =IF(COUNTBLANK(B110:AG110)>0,"Missing ("&COUNTBLANK(B110:AG110)&")","Complete") -> Missing (1)
A111: 108 | B111: City Hotel | C111: 1 | D111: 262 | E111: 2015 | F111: November | G111: 46 | H111: 9 | I111: 1 | J111: 2 | K111: 2 | L111: 0 | M111: 0 | N111: BB | O111: PRT | P111: Groups | Q111: TA/TO | R111: 0 | S111: 1 | T111: 0 | U111: A | V111: A | W111: 0 | X111: Non Refund | Y111: 1 | AA111: 0 | AB111: Transient | AC111: 62.8 | AD111: 0 | AE111: 0 | AF111: Canceled | AG111: 42251 | AH111: =B111&"|"&C111&"|"&D111&"|"&E111&"|"&F111&"|"&G111&"|"&H111&"|"&I111&"|"&J111&"|"&K111&"|"&L111&"|"&M111&"|"&N111&"|"&O111&"|"&P111&"|"&Q111&"|"&R111&"|"&S111&"|"&T111&"|"&U111&"|"&V111&"|"&W111&"|"&X111&"|"&Y111&"|"&Z111&"|"&AA111&"|"&AB111&"|"&AC111&"|"&AD111&"|"&AE111&"|"&AF111&"|"&AG111 -> City Hotel|1|262|2015|November|46|9|1|2|2|0|0|BB|PRT|Groups|TA/TO|0|1|0|A|A|0|Non Refund|1||0|Transient|62.8|0|0|Canceled|42251 | AI111: =IF(COUNTIF($AH$4:$AH$2603,AH111)>1,"Duplicate","Unique") -> Unique | AJ111: =IF(COUNTBLANK(B111:AG111)>0,"Missing ("&COUNTBLANK(B111:AG111)&")","Complete") -> Missing (1)
A112: 109 | B112: City Hotel | C112: 1 | D112: 91 | E112: 2016 | F112: March | G112: 12 | H112: 18 | I112: 0 | J112: 2 | K112: 1 | L112: 0 | M112: 0 | N112: BB | O112: PRT | P112: Groups | Q112: TA/TO | R112: 0 | S112: 0 | T112: 0 | U112: A | V112: A | W112: 0 | X112: Non Refund | Y112: 29 | AA112: 20 | AB112: Transient | AC112: 75 | AD112: 0 | AE112: 0 | AF112: Canceled | AG112: 42403 | AH112: =B112&"|"&C112&"|"&D112&"|"&E112&"|"&F112&"|"&G112&"|"&H112&"|"&I112&"|"&J112&"|"&K112&"|"&L112&"|"&M112&"|"&N112&"|"&O112&"|"&P112&"|"&Q112&"|"&R112&"|"&S112&"|"&T112&"|"&U112&"|"&V112&"|"&W112&"|"&X112&"|"&Y112&"|"&Z112&"|"&AA112&"|"&AB112&"|"&AC112&"|"&AD112&"|"&AE112&"|"&AF112&"|"&AG112 -> City Hotel|1|91|2016|March|12|18|0|2|1|0|0|BB|PRT|Groups|TA/TO|0|0|0|A|A|0|Non Refund|29||20|Transient|75|0|0|Canceled|42403 | AI112: =IF(COUNTIF($AH$4:$AH$2603,AH112)>1,"Duplicate","Unique") -> Duplicate | AJ112: =IF(COUNTBLANK(B112:AG112)>0,"Missing ("&COUNTBLANK(B112:AG112)&")","Complete") -> Missing (1)
A113: 110 | B113: City Hotel | C113: 0 | D113: 50 | E113: 2016 | F113: April | G113: 16 | H113: 12 | I113: 0 | J113: 3 | K113: 2 | L113: 1 | M113: 0 | N113: HB | O113: FRA | P113: Online TA | Q113: TA/TO | R113: 0 | S113: 0 | T113: 0 | U113: A | V113: D | W113: 0 | X113: No Deposit | Y113: 9 | AA113: 0 | AB113: Transient | AC113: 164.25 | AD113: 0 | AE113: 2 | AF113: Check-Out | AG113: 42475 | AH113: =B113&"|"&C113&"|"&D113&"|"&E113&"|"&F113&"|"&G113&"|"&H113&"|"&I113&"|"&J113&"|"&K113&"|"&L113&"|"&M113&"|"&N113&"|"&O113&"|"&P113&"|"&Q113&"|"&R113&"|"&S113&"|"&T113&"|"&U113&"|"&V113&"|"&W113&"|"&X113&"|"&Y113&"|"&Z113&"|"&AA113&"|"&AB113&"|"&AC113&"|"&AD113&"|"&AE113&"|"&AF113&"|"&AG113 -> City Hotel|0|50|2016|April|16|12|0|3|2|1|0|HB|FRA|Online TA|TA/TO|0|0|0|A|D|0|No Deposit|9||0|Transient|164.25|0|2|Check-Out|42475 | AI113: =IF(COUNTIF($AH$4:$AH$2603,AH113)>1,"Duplicate","Unique") -> Unique | AJ113: =IF(COUNTBLANK(B113:AG113)>0,"Missing ("&COUNTBLANK(B113:AG113)&")","Complete") -> Missing (1)
A114: 111 | B114: City Hotel | C114: 0 | D114: 32 | E114: 2016 | F114: October | G114: 43 | H114: 22 | I114: 2 | J114: 5 | K114: 2 | L114: 0 | M114: 0 | N114: BB | O114: FRA | P114: Direct | Q114: Direct | R114: 0 | S114: 0 | T114: 0 | U114: A | V114: A | W114: 0 | X114: No Deposit | AA114: 0 | AB114: Transient | AC114: 118 | AD114: 0 | AE114: 2 | AF114: Check-Out | AG114: 42672 | AH114: =B114&"|"&C114&"|"&D114&"|"&E114&"|"&F114&"|"&G114&"|"&H114&"|"&I114&"|"&J114&"|"&K114&"|"&L114&"|"&M114&"|"&N114&"|"&O114&"|"&P114&"|"&Q114&"|"&R114&"|"&S114&"|"&T114&"|"&U114&"|"&V114&"|"&W114&"|"&X114&"|"&Y114&"|"&Z114&"|"&AA114&"|"&AB114&"|"&AC114&"|"&AD114&"|"&AE114&"|"&AF114&"|"&AG114 -> City Hotel|0|32|2016|October|43|22|2|5|2|0|0|BB|FRA|Direct|Direct|0|0|0|A|A|0|No Deposit|||0|Transient|118|0|2|Check-Out|42672 | AI114: =IF(COUNTIF($AH$4:$AH$2603,AH114)>1,"Duplicate","Unique") -> Unique | AJ114: =IF(COUNTBLANK(B114:AG114)>0,"Missing ("&COUNTBLANK(B114:AG114)&")","Complete") -> Missing (2)
A115: 112 | B115: City Hotel | C115: 1 | D115: 19 | E115: 2015 | F115: October | G115: 41 | H115: 6 | I115: 0 | J115: 3 | K115: 1 | L115: 0 | M115: 0 | N115: BB | O115: PRT | P115: Offline TA/TO | Q115: TA/TO | R115: 1 | S115: 1 | T115: 0 | U115: A | V115: A | W115: 0 | X115: Non Refund | Y115: 82 | AA115: 0 | AB115: Transient | AC115: 80 | AD115: 0 | AE115: 0 | AF115: Canceled | AG115: 42264 | AH115: =B115&"|"&C115&"|"&D115&"|"&E115&"|"&F115&"|"&G115&"|"&H115&"|"&I115&"|"&J115&"|"&K115&"|"&L115&"|"&M115&"|"&N115&"|"&O115&"|"&P115&"|"&Q115&"|"&R115&"|"&S115&"|"&T115&"|"&U115&"|"&V115&"|"&W115&"|"&X115&"|"&Y115&"|"&Z115&"|"&AA115&"|"&AB115&"|"&AC115&"|"&AD115&"|"&AE115&"|"&AF115&"|"&AG115 -> City Hotel|1|19|2015|October|41|6|0|3|1|0|0|BB|PRT|Offline TA/TO|TA/TO|1|1|0|A|A|0|Non Refund|82||0|Transient|80|0|0|Canceled|42264 | AI115: =IF(COUNTIF($AH$4:$AH$2603,AH115)>1,"Duplicate","Unique") -> Unique | AJ115: =IF(COUNTBLANK(B115:AG115)>0,"Missing ("&COUNTBLANK(B115:AG115)&")","Complete") -> Missing (1)
A116: 113 | B116: City Hotel | C116: 0 | D116: 61 | E116: 2016 | F116: April | G116: 18 | H116: 30 | I116: 1 | J116: 1 | K116: 2 | L116: 0 | M116: 0 | N116: BB | O116: ESP | P116: Offline TA/TO | Q116: TA/TO | R116: 0 | S116: 0 | T116: 0 | U116: A | V116: B | W116: 1 | X116: No Deposit | Y116: 85 | AA116: 0 | AB116: Transient | AC116: 89.75 | AD116: 0 | AE116: 1 | AF116: Check-Out | AG116: 42492 | AH116: =B116&"|"&C116&"|"&D116&"|"&E116&"|"&F116&"|"&G116&"|"&H116&"|"&I116&"|"&J116&"|"&K116&"|"&L116&"|"&M116&"|"&N116&"|"&O116&"|"&P116&"|"&Q116&"|"&R116&"|"&S116&"|"&T116&"|"&U116&"|"&V116&"|"&W116&"|"&X116&"|"&Y116&"|"&Z116&"|"&AA116&"|"&AB116&"|"&AC116&"|"&AD116&"|"&AE116&"|"&AF116&"|"&AG116 -> City Hotel|0|61|2016|April|18|30|1|1|2|0|0|BB|ESP|Offline TA/TO|TA/TO|0|0|0|A|B|1|No Deposit|85||0|Transient|89.75|0|1|Check-Out|42492 | AI116: =IF(COUNTIF($AH$4:$AH$2603,AH116)>1,"Duplicate","Unique") -> Unique | AJ116: =IF(COUNTBLANK(B116:AG116)>0,"Missing ("&COUNTBLANK(B116:AG116)&")","Complete") -> Missing (1)
A117: 114 | B117: City Hotel | C117: 0 | D117: 297 | E117: 2017 | F117: July | G117: 29 | H117: 21 | I117: 2 | J117: 2 | K117: 2 | L117: 1 | M117: 0 | N117: BB | O117: DEU | P117: Direct | Q117: Direct | R117: 0 | S117: 0 | T117: 0 | U117: A | V117: A | W117: 1 | X117: No Deposit | Y117: 14 | AA117: 0 | AB117: Transient | AC117: 102.1 | AD117: 0 | AE117: 0 | AF117: Check-Out | AG117: 42941 | AH117: =B117&"|"&C117&"|"&D117&"|"&E117&"|"&F117&"|"&G117&"|"&H117&"|"&I117&"|"&J117&"|"&K117&"|"&L117&"|"&M117&"|"&N117&"|"&O117&"|"&P117&"|"&Q117&"|"&R117&"|"&S117&"|"&T117&"|"&U117&"|"&V117&"|"&W117&"|"&X117&"|"&Y117&"|"&Z117&"|"&AA117&"|"&AB117&"|"&AC117&"|"&AD117&"|"&AE117&"|"&AF117&"|"&AG117 -> City Hotel|0|297|2017|July|29|21|2|2|2|1|0|BB|DEU|Direct|Direct|0|0|0|A|A|1|No Deposit|14||0|Transient|102.1|0|0|Check-Out|42941 | AI117: =IF(COUNTIF($AH$4:$AH$2603,AH117)>1,"Duplicate","Unique") -> Unique | AJ117: =IF(COUNTBLANK(B117:AG117)>0,"Missing ("&COUNTBLANK(B117:AG117)&")","Complete") -> Missing (1)
A118: 115 | B118: City Hotel | C118: 0 | D118: 131 | E118: 2017 | F118: June | G118: 23 | H118: 8 | I118: 0 | J118: 3 | K118: 2 | L118: 0 | M118: 0 | N118: BB | O118: USA | P118: Online TA | Q118: TA/TO | R118: 0 | S118: 0 | T118: 0 | U118: A | V118: A | W118: 0 | X118: No Deposit | Y118: 9 | AA118: 0 | AB118: Transient | AC118: 144 | AD118: 0 | AE118: 1 | AF118: Check-Out | AG118: 42897 | AH118: =B118&"|"&C118&"|"&D118&"|"&E118&"|"&F118&"|"&G118&"|"&H118&"|"&I118&"|"&J118&"|"&K118&"|"&L118&"|"&M118&"|"&N118&"|"&O118&"|"&P118&"|"&Q118&"|"&R118&"|"&S118&"|"&T118&"|"&U118&"|"&V118&"|"&W118&"|"&X118&"|"&Y118&"|"&Z118&"|"&AA118&"|"&AB118&"|"&AC118&"|"&AD118&"|"&AE118&"|"&AF118&"|"&AG118 -> City Hotel|0|131|2017|June|23|8|0|3|2|0|0|BB|USA|Online TA|TA/TO|0|0|0|A|A|0|No Deposit|9||0|Transient|144|0|1|Check-Out|42897 | AI118: =IF(COUNTIF($AH$4:$AH$2603,AH118)>1,"Duplicate","Unique") -> Unique | AJ118: =IF(COUNTBLANK(B118:AG118)>0,"Missing ("&COUNTBLANK(B118:AG118)&")","Complete") -> Missing (1)
A119: 116 | B119: Resort Hotel | C119: 0 | D119: 228 | E119: 2016 | F119: September | G119: 37 | H119: 5 | I119: 6 | J119: 15 | K119: 2 | L119: 0 | M119: 0 | N119: HB | O119: DEU | P119: Direct | Q119: Direct | R119: 0 | S119: 0 | T119: 1 | U119: D | V119: D | W119: 0 | X119: No Deposit | AA119: 0 | AB119: Transient | AC119: 88 | AD119: 0 | AE119: 1 | AF119: Check-Out | AG119: 42639 | AH119: =B119&"|"&C119&"|"&D119&"|"&E119&"|"&F119&"|"&G119&"|"&H119&"|"&I119&"|"&J119&"|"&K119&"|"&L119&"|"&M119&"|"&N119&"|"&O119&"|"&P119&"|"&Q119&"|"&R119&"|"&S119&"|"&T119&"|"&U119&"|"&V119&"|"&W119&"|"&X119&"|"&Y119&"|"&Z119&"|"&AA119&"|"&AB119&"|"&AC119&"|"&AD119&"|"&AE119&"|"&AF119&"|"&AG119 -> Resort Hotel|0|228|2016|September|37|5|6|15|2|0|0|HB|DEU|Direct|Direct|0|0|1|D|D|0|No Deposit|||0|Transient|88|0|1|Check-Out|42639 | AI119: =IF(COUNTIF($AH$4:$AH$2603,AH119)>1,"Duplicate","Unique") -> Unique | AJ119: =IF(COUNTBLANK(B119:AG119)>0,"Missing ("&COUNTBLANK(B119:AG119)&")","Complete") -> Missing (2)
A120: 117 | B120: City Hotel | C120: 1 | D120: 330 | E120: 2016 | F120: June | G120: 23 | H120: 2 | I120: 0 | J120: 2 | K120: 2 | L120: 0 | M120: 0 | N120: BB | O120: PRT | P120: Groups | Q120: TA/TO | R120: 0 | S120: 0 | T120: 0 | U120: A | V120: A | W120: 0 | X120: Non Refund | Y120: 1 | AA120: 0 | AB120: Transient | AC120: 62 | AD120: 0 | AE120: 0 | AF120: Canceled | AG120: 42298 | AH120: =B120&"|"&C120&"|"&D120&"|"&E120&"|"&F120&"|"&G120&"|"&H120&"|"&I120&"|"&J120&"|"&K120&"|"&L120&"|"&M120&"|"&N120&"|"&O120&"|"&P120&"|"&Q120&"|"&R120&"|"&S120&"|"&T120&"|"&U120&"|"&V120&"|"&W120&"|"&X120&"|"&Y120&"|"&Z120&"|"&AA120&"|"&AB120&"|"&AC120&"|"&AD120&"|"&AE120&"|"&AF120&"|"&AG120 -> City Hotel|1|330|2016|June|23|2|0|2|2|0|0|BB|PRT|Groups|TA/TO|0|0|0|A|A|0|Non Refund|1||0|Transient|62|0|0|Canceled|42298 | AI120: =IF(COUNTIF($AH$4:$AH$2603,AH120)>1,"Duplicate","Unique") -> Unique | AJ120: =IF(COUNTBLANK(B120:AG120)>0,"Missing ("&COUNTBLANK(B120:AG120)&")","Complete") -> Missing (1)
A121: 118 | B121: City Hotel | C121: 1 | D121: 53 | E121: 2016 | F121: May | G121: 21 | H121: 18 | I121: 0 | J121: 2 | K121: 2 | L121: 0 | M121: 0 | N121: BB | O121: BRA | P121: Online TA | Q121: TA/TO | R121: 0 | S121: 0 | T121: 0 | U121: A | V121: A | W121: 0 | X121: No Deposit | Y121: 9 | AA121: 0 | AB121: Transient | AC121: 126.9 | AD121: 0 | AE121: 0 | AF121: Canceled | AG121: 42457 | AH121: =B121&"|"&C121&"|"&D121&"|"&E121&"|"&F121&"|"&G121&"|"&H121&"|"&I121&"|"&J121&"|"&K121&"|"&L121&"|"&M121&"|"&N121&"|"&O121&"|"&P121&"|"&Q121&"|"&R121&"|"&S121&"|"&T121&"|"&U121&"|"&V121&"|"&W121&"|"&X121&"|"&Y121&"|"&Z121&"|"&AA121&"|"&AB121&"|"&AC121&"|"&AD121&"|"&AE121&"|"&AF121&"|"&AG121 -> City Hotel|1|53|2016|May|21|18|0|2|2|0|0|BB|BRA|Online TA|TA/TO|0|0|0|A|A|0|No Deposit|9||0|Transient|126.9|0|0|Canceled|42457 | AI121: =IF(COUNTIF($AH$4:$AH$2603,AH121)>1,"Duplicate","Unique") -> Unique | AJ121: =IF(COUNTBLANK(B121:AG121)>0,"Missing ("&COUNTBLANK(B121:AG121)&")","Complete") -> Missing (1)
A122: 119 | B122: City Hotel | C122: 0 | D122: 144 | E122: 2016 | F122: June | G122: 27 | H122: 26 | I122: 2 | J122: 0 | K122: 2 | L122: 0 | M122: 0 | N122: SC | O122: GBR | P122: Online TA | Q122: TA/TO | R122: 0 | S122: 0 | T122: 0 | U122: A | V122: A | W122: 0 | X122: No Deposit | Y122: 9 | AA122: 0 | AB122: Transient-Party | AC122: 85.5 | AD122: 0 | AE122: 1 | AF122: Check-Out | AG122: 42549 | AH122: =B122&"|"&C122&"|"&D122&"|"&E122&"|"&F122&"|"&G122&"|"&H122&"|"&I122&"|"&J122&"|"&K122&"|"&L122&"|"&M122&"|"&N122&"|"&O122&"|"&P122&"|"&Q122&"|"&R122&"|"&S122&"|"&T122&"|"&U122&"|"&V122&"|"&W122&"|"&X122&"|"&Y122&"|"&Z122&"|"&AA122&"|"&AB122&"|"&AC122&"|"&AD122&"|"&AE122&"|"&AF122&"|"&AG122 -> City Hotel|0|144|2016|June|27|26|2|0|2|0|0|SC|GBR|Online TA|TA/TO|0|0|0|A|A|0|No Deposit|9||0|Transient-Party|85.5|0|1|Check-Out|42549 | AI122: =IF(COUNTIF($AH$4:$AH$2603,AH122)>1,"Duplicate","Unique") -> Unique | AJ122: =IF(COUNTBLANK(B122:AG122)>0,"Missing ("&COUNTBLANK(B122:AG122)&")","Complete") -> Missing (1)
A123: 120 | B123: Resort Hotel | C123: 0 | D123: 36 | E123: 2015 | F123: December | G123: 53 | H123: 27 | I123: 2 | J123: 0 | K123: 2 | L123: 0 | M123: 0 | N123: HB | O123: ESP | P123: Offline TA/TO | Q123: TA/TO | R123: 0 | S123: 0 | T123: 0 | U123: A | V123: D | W123: 1 | X123: No Deposit | Y123: 6 | AA123: 0 | AB123: Transient | AC123: 55.4 | AD123: 1 | AE123: 0 | AF123: Check-Out | AG123: 42367 | AH123: =B123&"|"&C123&"|"&D123&"|"&E123&"|"&F123&"|"&G123&"|"&H123&"|"&I123&"|"&J123&"|"&K123&"|"&L123&"|"&M123&"|"&N123&"|"&O123&"|"&P123&"|"&Q123&"|"&R123&"|"&S123&"|"&T123&"|"&U123&"|"&V123&"|"&W123&"|"&X123&"|"&Y123&"|"&Z123&"|"&AA123&"|"&AB123&"|"&AC123&"|"&AD123&"|"&AE123&"|"&AF123&"|"&AG123 -> Resort Hotel|0|36|2015|December|53|27|2|0|2|0|0|HB|ESP|Offline TA/TO|TA/TO|0|0|0|A|D|1|No Deposit|6||0|Transient|55.4|1|0|Check-Out|42367 | AI123: =IF(COUNTIF($AH$4:$AH$2603,AH123)>1,"Duplicate","Unique") -> Unique | AJ123: =IF(COUNTBLANK(B123:AG123)>0,"Missing ("&COUNTBLANK(B123:AG123)&")","Complete") -> Missing (1)
A124: 121 | B124: City Hotel | C124: 1 | D124: 313 | E124: 2017 | F124: April | G124: 17 | H124: 29 | I124: 2 | J124: 1 | K124: 2 | L124: 0 | M124: 0 | N124: BB | O124: PRT | P124: Offline TA/TO | Q124: TA/TO | R124: 0 | S124: 0 | T124: 0 | U124: A | V124: A | W124: 0 | X124: Non Refund | Y124: 6 | AA124: 0 | AB124: Transient | AC124: 90 | AD124: 0 | AE124: 0 | AF124: Canceled | AG124: 42789 | AH124: =B124&"|"&C124&"|"&D124&"|"&E124&"|"&F124&"|"&G124&"|"&H124&"|"&I124&"|"&J124&"|"&K124&"|"&L124&"|"&M124&"|"&N124&"|"&O124&"|"&P124&"|"&Q124&"|"&R124&"|"&S124&"|"&T124&"|"&U124&"|"&V124&"|"&W124&"|"&X124&"|"&Y124&"|"&Z124&"|"&AA124&"|"&AB124&"|"&AC124&"|"&AD124&"|"&AE124&"|"&AF124&"|"&AG124 -> City Hotel|1|313|2017|April|17|29|2|1|2|0|0|BB|PRT|Offline TA/TO|TA/TO|0|0|0|A|A|0|Non Refund|6||0|Transient|90|0|0|Canceled|42789 | AI124: =IF(COUNTIF($AH$4:$AH$2603,AH124)>1,"Duplicate","Unique") -> Duplicate | AJ124: =IF(COUNTBLANK(B124:AG124)>0,"Missing ("&COUNTBLANK(B124:AG124)&")","Complete") -> Missing (1)
A125: 122 | B125: Resort Hotel | C125: 1 | D125: 32 | E125: 2016 | F125: April | G125: 17 | H125: 19 | I125: 2 | J125: 5 | K125: 2 | L125: 0 | M125: 0 | N125: HB | O125: PRT | P125: Groups | Q125: Direct | R125: 0 | S125: 0 | T125: 0 | U125: D | V125: D | W125: 0 | X125: No Deposit | Y125: 273 | AA125: 0 | AB125: Transient-Party | AC125: 69.36 | AD125: 0 | AE125: 0 | AF125: Canceled | AG125: 42447 | AH125: =B125&"|"&C125&"|"&D125&"|"&E125&"|"&F125&"|"&G125&"|"&H125&"|"&I125&"|"&J125&"|"&K125&"|"&L125&"|"&M125&"|"&N125&"|"&O125&"|"&P125&"|"&Q125&"|"&R125&"|"&S125&"|"&T125&"|"&U125&"|"&V125&"|"&W125&"|"&X125&"|"&Y125&"|"&Z125&"|"&AA125&"|"&AB125&"|"&AC125&"|"&AD125&"|"&AE125&"|"&AF125&"|"&AG125 -> Resort Hotel|1|32|2016|April|17|19|2|5|2|0|0|HB|PRT|Groups|Direct|0|0|0|D|D|0|No Deposit|273||0|Transient-Party|69.36|0|0|Canceled|42447 | AI125: =IF(COUNTIF($AH$4:$AH$2603,AH125)>1,"Duplicate","Unique") -> Duplicate | AJ125: =IF(COUNTBLANK(B125:AG125)>0,"Missing ("&COUNTBLANK(B125:AG125)&")","Complete") -> Missing (1)
...

Sheet Cleaning Log
B2: DATA CLEANING LOG
B4: Issue Found | C4: Action Taken (manual Excel steps) | D4: Rows Affected
B5: Duplicate booking records | C5: Selected the full table -> Data tab -> Remove Duplicates (all columns except Booking ID). Verified count first using the Duplicate Check formula on the 'Raw Data' sheet. | D5: =COUNTIF('Raw Data'!$AI$4:$AI$2603,"Duplicate") -> 257
B6: Missing 'Country' values | C6: Used Find & Replace (Ctrl+H) on blanks -> replaced with "Unknown" so the field can still be grouped in PivotTables/Power BI. | D6: =COUNTBLANK('Raw Data'!O:O) -> 1045986
B7: Missing 'Agent' / 'Company' ID | C7: These are legitimately blank when a booking was not made through a travel agent or company (not an error). Replaced blanks with 0 so numeric aggregation formulas do not break. | D7: =COUNTBLANK('Raw Data'!Y:Y)+COUNTBLANK('Raw Data'!Z:Z) -> 2094759
B8: Missing 'Children' values | C8: Replaced blanks with 0 (assumes no children where unspecified). | D8: =COUNTBLANK('Raw Data'!L:L) -> 1045975
B9: Bookings with 0 total guests | C9: 3 rows had 0 adults, 0 children and 0 babies — a logical impossibility. Deleted these rows entirely. | D9: 3
B10: Data type formatting | C10: Confirmed all date fields are stored as genuine Excel dates (not text) and all numeric fields (ADR, lead time, nights) are stored as Number, not Text, so formulas/PivotTables total correctly. | D10: All rows
B13: BEFORE / AFTER SUMMARY
B14: Rows before cleaning | C14: =COUNTA('Raw Data'!A4:A2603) -> 2600
B15: Duplicate rows removed (net) | C15: 146
B16: Zero-guest rows removed | C16: 3
B17: Rows after cleaning (see 'Cleaned Data' sheet) | C17: =COUNTA('Cleaned Data'!A4:A2454) -> 2451

Sheet Cleaned Data
A1: CLEANED DATA + CALCULATED COLUMNS (2,451 bookings)
A3: booking_id | B3: hotel | C3: is_canceled | D3: lead_time | E3: arrival_date_year | F3: arrival_date_month | G3: arrival_date_week_number | H3: arrival_date_day_of_month | I3: stays_in_weekend_nights | J3: stays_in_week_nights | K3: adults | L3: children | M3: babies | N3: meal | O3: country | P3: market_segment | Q3: distribution_channel | R3: is_repeated_guest | S3: previous_cancellations | T3: previous_bookings_not_canceled | U3: reserved_room_type | V3: assigned_room_type | W3: booking_changes | X3: deposit_type | Y3: agent | Z3: company | AA3: days_in_waiting_list | AB3: customer_type | AC3: adr | AD3: required_car_parking_spaces | AE3: total_of_special_requests | AF3: reservation_status | AG3: reservation_status_date | AH3: Total Nights | AI3: Total Guests | AJ3: Total Revenue | AK3: Booking Status | AL3: Lead Time Bucket | AM3: Season | AN3: Guest Type | AO3: Room Match
A4: 1 | B4: Resort Hotel | C4: 0 | D4: 203 | E4: 2016 | F4: December | G4: 49 | H4: 2 | I4: 2 | J4: 5 | K4: 2 | L4: 0 | M4: 0 | N4: BB | O4: GBR | P4: Direct | Q4: Direct | R4: 0 | S4: 0 | T4: 0 | U4: F | V4: F | W4: 4 | X4: No Deposit | Y4: 250 | Z4: 0 | AA4: 0 | AB4: Transient | AC4: 66.8 | AD4: 0 | AE4: 0 | AF4: Check-Out | AG4: 42713 | AH4: =I4+J4 -> 7 | AI4: =K4+L4+M4 -> 2 | AJ4: =AC4*AH4 -> 467.6 | AK4: =IF(C4=1,"Cancelled","Completed") -> Completed | AL4: =_xlfn.IFS(D4<=7,"0-7 Days",D4<=30,"8-30 Days",D4<=90,"31-90 Days",TRUE(),"90+ Days") -> 90+ Days | AM4: =_xlfn.IFS(OR(F4="December",F4="January",F4="February"),"Winter",OR(F4="March",F4="April",F4="May"),"Spring",OR(F4="June",F4="July",F4="August"),"Summer",TRUE(),"Autumn") -> Winter | AN4: =IF(L4+M4>0,"Family","Adult Only") -> Adult Only | AO4: =IF(U4=V4,"Same","Changed") -> Same
A5: 2 | B5: City Hotel | C5: 1 | D5: 82 | E5: 2015 | F5: July | G5: 29 | H5: 16 | I5: 0 | J5: 3 | K5: 2 | L5: 0 | M5: 0 | N5: BB | O5: PRT | P5: Online TA | Q5: TA/TO | R5: 0 | S5: 0 | T5: 0 | U5: A | V5: A | W5: 0 | X5: No Deposit | Y5: 9 | Z5: 0 | AA5: 0 | AB5: Transient | AC5: 76.5 | AD5: 0 | AE5: 0 | AF5: Canceled | AG5: 42201 | AH5: =I5+J5 -> 3 | AI5: =K5+L5+M5 -> 2 | AJ5: =AC5*AH5 -> 229.5 | AK5: =IF(C5=1,"Cancelled","Completed") -> Cancelled | AL5: =_xlfn.IFS(D5<=7,"0-7 Days",D5<=30,"8-30 Days",D5<=90,"31-90 Days",TRUE(),"90+ Days") -> 31-90 Days | AM5: =_xlfn.IFS(OR(F5="December",F5="January",F5="February"),"Winter",OR(F5="March",F5="April",F5="May"),"Spring",OR(F5="June",F5="July",F5="August"),"Summer",TRUE(),"Autumn") -> Summer | AN5: =IF(L5+M5>0,"Family","Adult Only") -> Adult Only | AO5: =IF(U5=V5,"Same","Changed") -> Same
A6: 3 | B6: City Hotel | C6: 0 | D6: 25 | E6: 2016 | F6: December | G6: 53 | H6: 27 | I6: 0 | J6: 3 | K6: 3 | L6: 0 | M6: 0 | N6: BB | O6: BRA | P6: Offline TA/TO | Q6: TA/TO | R6: 0 | S6: 0 | T6: 0 | U6: A | V6: K | W6: 2 | X6: No Deposit | Y6: 220 | Z6: 0 | AA6: 0 | AB6: Transient-Party | AC6: 60 | AD6: 0 | AE6: 1 | AF6: Check-Out | AG6: 42734 | AH6: =I6+J6 -> 3 | AI6: =K6+L6+M6 -> 3 | AJ6: =AC6*AH6 -> 180 | AK6: =IF(C6=1,"Cancelled","Completed") -> Completed | AL6: =_xlfn.IFS(D6<=7,"0-7 Days",D6<=30,"8-30 Days",D6<=90,"31-90 Days",TRUE(),"90+ Days") -> 8-30 Days | AM6: =_xlfn.IFS(OR(F6="December",F6="January",F6="February"),"Winter",OR(F6="March",F6="April",F6="May"),"Spring",OR(F6="June",F6="July",F6="August"),"Summer",TRUE(),"Autumn") -> Winter | AN6: =IF(L6+M6>0,"Family","Adult Only") -> Adult Only | AO6: =IF(U6=V6,"Same","Changed") -> Changed
A7: 4 | B7: City Hotel | C7: 0 | D7: 1 | E7: 2016 | F7: March | G7: 11 | H7: 9 | I7: 0 | J7: 1 | K7: 1 | L7: 0 | M7: 0 | N7: BB | O7: SWE | P7: Online TA | Q7: TA/TO | R7: 0 | S7: 0 | T7: 0 | U7: A | V7: A | W7: 0 | X7: No Deposit | Y7: 9 | Z7: 0 | AA7: 0 | AB7: Transient-Party | AC7: 95 | AD7: 0 | AE7: 0 | AF7: Check-Out | AG7: 42439 | AH7: =I7+J7 -> 1 | AI7: =K7+L7+M7 -> 1 | AJ7: =AC7*AH7 -> 95 | AK7: =IF(C7=1,"Cancelled","Completed") -> Completed | AL7: =_xlfn.IFS(D7<=7,"0-7 Days",D7<=30,"8-30 Days",D7<=90,"31-90 Days",TRUE(),"90+ Days") -> 0-7 Days | AM7: =_xlfn.IFS(OR(F7="December",F7="January",F7="February"),"Winter",OR(F7="March",F7="April",F7="May"),"Spring",OR(F7="June",F7="July",F7="August"),"Summer",TRUE(),"Autumn") -> Spring | AN7: =IF(L7+M7>0,"Family","Adult Only") -> Adult Only | AO7: =IF(U7=V7,"Same","Changed") -> Same
A8: 5 | B8: City Hotel | C8: 0 | D8: 70 | E8: 2017 | F8: April | G8: 16 | H8: 16 | I8: 2 | J8: 2 | K8: 2 | L8: 0 | M8: 0 | N8: SC | O8: GBR | P8: Online TA | Q8: TA/TO | R8: 0 | S8: 0 | T8: 0 | U8: A | V8: A | W8: 0 | X8: No Deposit | Y8: 9 | Z8: 0 | AA8: 0 | AB8: Transient | AC8: 108 | AD8: 0 | AE8: 0 | AF8: Check-Out | AG8: 42845 | AH8: =I8+J8 -> 4 | AI8: =K8+L8+M8 -> 2 | AJ8: =AC8*AH8 -> 432 | AK8: =IF(C8=1,"Cancelled","Completed") -> Completed | AL8: =_xlfn.IFS(D8<=7,"0-7 Days",D8<=30,"8-30 Days",D8<=90,"31-90 Days",TRUE(),"90+ Days") -> 31-90 Days | AM8: =_xlfn.IFS(OR(F8="December",F8="January",F8="February"),"Winter",OR(F8="March",F8="April",F8="May"),"Spring",OR(F8="June",F8="July",F8="August"),"Summer",TRUE(),"Autumn") -> Spring | AN8: =IF(L8+M8>0,"Family","Adult Only") -> Adult Only | AO8: =IF(U8=V8,"Same","Changed") -> Same
A9: 6 | B9: City Hotel | C9: 0 | D9: 170 | E9: 2017 | F9: April | G9: 17 | H9: 27 | I9: 0 | J9: 3 | K9: 2 | L9: 0 | M9: 0 | N9: BB | O9: DEU | P9: Online TA | Q9: TA/TO | R9: 0 | S9: 0 | T9: 0 | U9: D | V9: D | W9: 0 | X9: No Deposit | Y9: 9 | Z9: 0 | AA9: 0 | AB9: Transient | AC9: 130.5 | AD9: 0 | AE9: 0 | AF9: Check-Out | AG9: 42855 | AH9: =I9+J9 -> 3 | AI9: =K9+L9+M9 -> 2 | AJ9: =AC9*AH9 -> 391.5 | AK9: =IF(C9=1,"Cancelled","Completed") -> Completed | AL9: =_xlfn.IFS(D9<=7,"0-7 Days",D9<=30,"8-30 Days",D9<=90,"31-90 Days",TRUE(),"90+ Days") -> 90+ Days | AM9: =_xlfn.IFS(OR(F9="December",F9="January",F9="February"),"Winter",OR(F9="March",F9="April",F9="May"),"Spring",OR(F9="June",F9="July",F9="August"),"Summer",TRUE(),"Autumn") -> Spring | AN9: =IF(L9+M9>0,"Family","Adult Only") -> Adult Only | AO9: =IF(U9=V9,"Same","Changed") -> Same
A10: 7 | B10: City Hotel | C10: 1 | D10: 21 | E10: 2016 | F10: March | G10: 10 | H10: 4 | I10: 0 | J10: 1 | K10: 1 | L10: 0 | M10: 0 | N10: BB | O10: SVN | P10: Online TA | Q10: TA/TO | R10: 0 | S10: 0 | T10: 0 | U10: A | V10: A | W10: 0 | X10: No Deposit | Y10: 9 | Z10: 0 | AA10: 0 | AB10: Transient-Party | AC10: 85 | AD10: 0 | AE10: 0 | AF10: Canceled | AG10: 42426 | AH10: =I10+J10 -> 1 | AI10: =K10+L10+M10 -> 1 | AJ10: =AC10*AH10 -> 85 | AK10: =IF(C10=1,"Cancelled","Completed") -> Cancelled | AL10: =_xlfn.IFS(D10<=7,"0-7 Days",D10<=30,"8-30 Days",D10<=90,"31-90 Days",TRUE(),"90+ Days") -> 8-30 Days | AM10: =_xlfn.IFS(OR(F10="December",F10="January",F10="February"),"Winter",OR(F10="March",F10="April",F10="May"),"Spring",OR(F10="June",F10="July",F10="August"),"Summer",TRUE(),"Autumn") -> Spring | AN10: =IF(L10+M10>0,"Family","Adult Only") -> Adult Only | AO10: =IF(U10=V10,"Same","Changed") -> Same
A11: 8 | B11: City Hotel | C11: 0 | D11: 102 | E11: 2015 | F11: October | G11: 42 | H11: 16 | I11: 0 | J11: 2 | K11: 2 | L11: 0 | M11: 0 | N11: HB | O11: DEU | P11: Offline TA/TO | Q11: TA/TO | R11: 0 | S11: 0 | T11: 0 | U11: A | V11: D | W11: 0 | X11: No Deposit | Y11: 6 | Z11: 0 | AA11: 0 | AB11: Transient-Party | AC11: 109 | AD11: 0 | AE11: 0 | AF11: Check-Out | AG11: 42295 | AH11: =I11+J11 -> 2 | AI11: =K11+L11+M11 -> 2 | AJ11: =AC11*AH11 -> 218 | AK11: =IF(C11=1,"Cancelled","Completed") -> Completed | AL11: =_xlfn.IFS(D11<=7,"0-7 Days",D11<=30,"8-30 Days",D11<=90,"31-90 Days",TRUE(),"90+ Days") -> 90+ Days | AM11: =_xlfn.IFS(OR(F11="December",F11="January",F11="February"),"Winter",OR(F11="March",F11="April",F11="May"),"Spring",OR(F11="June",F11="July",F11="August"),"Summer",TRUE(),"Autumn") -> Autumn | AN11: =IF(L11+M11>0,"Family","Adult Only") -> Adult Only | AO11: =IF(U11=V11,"Same","Changed") -> Changed
A12: 9 | B12: Resort Hotel | C12: 0 | D12: 55 | E12: 2016 | F12: November | G12: 47 | H12: 19 | I12: 2 | J12: 5 | K12: 2 | L12: 0 | M12: 0 | N12: HB | O12: GBR | P12: Online TA | Q12: TA/TO | R12: 0 | S12: 0 | T12: 0 | U12: D | V12: D | W12: 1 | X12: No Deposit | Y12: 314 | Z12: 0 | AA12: 0 | AB12: Transient | AC12: 67.44 | AD12: 0 | AE12: 0 | AF12: Check-Out | AG12: 42700 | AH12: =I12+J12 -> 7 | AI12: =K12+L12+M12 -> 2 | AJ12: =AC12*AH12 -> 472.08 | AK12: =IF(C12=1,"Cancelled","Completed") -> Completed | AL12: =_xlfn.IFS(D12<=7,"0-7 Days",D12<=30,"8-30 Days",D12<=90,"31-90 Days",TRUE(),"90+ Days") -> 31-90 Days | AM12: =_xlfn.IFS(OR(F12="December",F12="January",F12="February"),"Winter",OR(F12="March",F12="April",F12="May"),"Spring",OR(F12="June",F12="July",F12="August"),"Summer",TRUE(),"Autumn") -> Autumn | AN12: =IF(L12+M12>0,"Family","Adult Only") -> Adult Only | AO12: =IF(U12=V12,"Same","Changed") -> Same
A13: 10 | B13: Resort Hotel | C13: 0 | D13: 222 | E13: 2015 | F13: September | G13: 38 | H13: 14 | I13: 1 | J13: 1 | K13: 2 | L13: 0 | M13: 0 | N13: HB | O13: ESP | P13: Groups | Q13: TA/TO | R13: 0 | S13: 0 | T13: 0 | U13: A | V13: A | W13: 0 | X13: No Deposit | Y13: 68 | Z13: 0 | AA13: 0 | AB13: Transient | AC13: 80 | AD13: 0 | AE13: 0 | AF13: Check-Out | AG13: 42263 | AH13: =I13+J13 -> 2 | AI13: =K13+L13+M13 -> 2 | AJ13: =AC13*AH13 -> 160 | AK13: =IF(C13=1,"Cancelled","Completed") -> Completed | AL13: =_xlfn.IFS(D13<=7,"0-7 Days",D13<=30,"8-30 Days",D13<=90,"31-90 Days",TRUE(),"90+ Days") -> 90+ Days | AM13: =_xlfn.IFS(OR(F13="December",F13="January",F13="February"),"Winter",OR(F13="March",F13="April",F13="May"),"Spring",OR(F13="June",F13="July",F13="August"),"Summer",TRUE(),"Autumn") -> Autumn | AN13: =IF(L13+M13>0,"Family","Adult Only") -> Adult Only | AO13: =IF(U13=V13,"Same","Changed") -> Same
A14: 11 | B14: Resort Hotel | C14: 0 | D14: 120 | E14: 2016 | F14: December | G14: 53 | H14: 26 | I14: 1 | J14: 3 | K14: 2 | L14: 0 | M14: 0 | N14: BB | O14: BEL | P14: Online TA | Q14: TA/TO | R14: 0 | S14: 0 | T14: 0 | U14: D | V14: D | W14: 0 | X14: No Deposit | Y14: 240 | Z14: 0 | AA14: 0 | AB14: Transient-Party | AC14: 54.8 | AD14: 1 | AE14: 3 | AF14: Check-Out | AG14: 42734 | AH14: =I14+J14 -> 4 | AI14: =K14+L14+M14 -> 2 | AJ14: =AC14*AH14 -> 219.2 | AK14: =IF(C14=1,"Cancelled","Completed") -> Completed | AL14: =_xlfn.IFS(D14<=7,"0-7 Days",D14<=30,"8-30 Days",D14<=90,"31-90 Days",TRUE(),"90+ Days") -> 90+ Days | AM14: =_xlfn.IFS(OR(F14="December",F14="January",F14="February"),"Winter",OR(F14="March",F14="April",F14="May"),"Spring",OR(F14="June",F14="July",F14="August"),"Summer",TRUE(),"Autumn") -> Winter | AN14: =IF(L14+M14>0,"Family","Adult Only") -> Adult Only | AO14: =IF(U14=V14,"Same","Changed") -> Same
A15: 12 | B15: City Hotel | C15: 1 | D15: 88 | E15: 2017 | F15: February | G15: 7 | H15: 17 | I15: 0 | J15: 2 | K15: 2 | L15: 0 | M15: 0 | N15: SC | O15: DEU | P15: Online TA | Q15: TA/TO | R15: 0 | S15: 0 | T15: 0 | U15: A | V15: A | W15: 0 | X15: No Deposit | Y15: 9 | Z15: 0 | AA15: 0 | AB15: Transient | AC15: 79.2 | AD15: 0 | AE15: 0 | AF15: Canceled | AG15: 42699 | AH15: =I15+J15 -> 2 | AI15: =K15+L15+M15 -> 2 | AJ15: =AC15*AH15 -> 158.4 | AK15: =IF(C15=1,"Cancelled","Completed") -> Cancelled | AL15: =_xlfn.IFS(D15<=7,"0-7 Days",D15<=30,"8-30 Days",D15<=90,"31-90 Days",TRUE(),"90+ Days") -> 31-90 Days | AM15: =_xlfn.IFS(OR(F15="December",F15="January",F15="February"),"Winter",OR(F15="March",F15="April",F15="May"),"Spring",OR(F15="June",F15="July",F15="August"),"Summer",TRUE(),"Autumn") -> Winter | AN15: =IF(L15+M15>0,"Family","Adult Only") -> Adult Only | AO15: =IF(U15=V15,"Same","Changed") -> Same
... A2454: 2600 | B2454: City Hotel | C2454: 1 | D2454: 50 | E2454: 2015 | F2454: October | G2454: 43 | H2454: 24 | I2454: 0 | J2454: 1 | K2454: 2 | L2454: 0 | M2454: 0 | N2454: HB | O2454: PRT | P2454: Groups | Q2454: TA/TO | R2454: 0 | S2454: 0 | T2454: 0 | U2454: A | V2454: A | W2454: 0 | X2454: Non Refund | Y2454: 0 | Z2454: 0 | AA2454: 0 | AB2454: Transient | AC2454: 146 | AD2454: 0 | AE2454: 0 | AF2454: Canceled | AG2454: 42292 | AH2454: =I2454+J2454 -> 1 | AI2454: =K2454+L2454+M2454 -> 2 | AJ2454: =AC2454*AH2454 -> 146 | AK2454: =IF(C2454=1,"Cancelled","Completed") -> Cancelled | AL2454: =_xlfn.IFS(D2454<=7,"0-7 Days",D2454<=30,"8-30 Days",D2454<=90,"31-90 Days",TRUE(),"90+ Days") -> 31-90 Days | AM2454: =_xlfn.IFS(OR(F2454="December",F2454="January",F2454="February"),"Winter",OR(F2454="March",F2454="April",F2454="May"),"Spring",OR(F2454="June",F2454="July",F2454="August"),"Summer",TRUE(),"Autumn") -> Autumn | AN2454: =IF(L2454+M2454>0,"Family","Adult Only") -> Adult Only | AO2454: =IF(U2454=V2454,"Same","Changed") -> Same
A2456: CALCULATED COLUMN FORMULA REFERENCE
A2457: Total Nights | B2457: Weekend nights + Week nights
A2458: Total Guests | B2458: Adults + Children + Babies
A2459: Total Revenue | B2459: ADR (Average Daily Rate) x Total Nights
A2460: Booking Status | B2460: IF(is_canceled=1,"Cancelled","Completed")
A2461: Lead Time Bucket | B2461: IFS: 0-7 / 8-30 / 31-90 / 90+ days between booking and arrival
A2462: Season | B2462: Grouped from arrival month (Winter/Spring/Summer/Autumn)
A2463: Guest Type | B2463: IF(children+babies>0,"Family","Adult Only")
A2464: Room Match | B2464: Compares Reserved vs Assigned room type - flags operational reassignments

Sheet KPI Dashboard
B2: HOTEL BOOKING ANALYSIS — KPI DASHBOARD
B3: All figures calculated live from the 'Cleaned Data' sheet (2,451-row sample) using SUMIFS/COUNTIFS/AVERAGEIFS formulas. This sample happens to contain a slightly higher share of cancelled bookings than the full dataset (36% vs 27.5%) — see 'Key Findings & Business Recommendations.docx' for headline KPIs computed on the full 87,230-row cleaned dataset.
B5: Total Bookings | D5: Cancelled Bookings | F5: Cancellation Rate | H5: Total Revenue (Completed)
B6: =COUNTA('Cleaned Data'!$A$4:$A$2454) -> 2451 | D6: =COUNTIF('Cleaned Data'!$C$4:$C$2454,1) -> 887 | F6: =COUNTIF('Cleaned Data'!$C$4:$C$2454,1)/COUNTA('Cleaned Data'!$A$4:$A$2454) -> 0.3618931 | H6: =SUMIFS('Cleaned Data'!$AJ$4:$AJ$2454,'Cleaned Data'!$C$4:$C$2454,0) -> 533753.22
B8: Average Daily Rate (ADR) | D8: Average Lead Time (days) | F8: Average Stay (nights) | H8: Repeat Guest Rate
B9: =AVERAGE('Cleaned Data'!$AC$4:$AC$2454) -> 102.56952 | D9: =AVERAGE('Cleaned Data'!$D$4:$D$2454) -> 99.873113 | F9: =AVERAGE('Cleaned Data'!$AH$4:$AH$2454) -> 3.4128927 | H9: =COUNTIF('Cleaned Data'!$R$4:$R$2454,1)/COUNTA('Cleaned Data'!$A$4:$A$2454) -> 0.027743778
B12: Hotel Type | C12: Bookings | D12: Cancel Rate | E12: Revenue
B13: City Hotel | C13: =COUNTIF('Cleaned Data'!$B$4:$B$2454,B13) -> 1553 | D13: =COUNTIFS('Cleaned Data'!$B$4:$B$2454,B13,'Cleaned Data'!$C$4:$C$2454,1)/COUNTIF('Cleaned Data'!$B$4:$B$2454,B13) -> 0.40051513 | E13: =SUMIFS('Cleaned Data'!$AJ$4:$AJ$2454,'Cleaned Data'!$B$4:$B$2454,B13,'Cleaned Data'!$C$4:$C$2454,0) -> 289666.32
B14: Resort Hotel | C14: =COUNTIF('Cleaned Data'!$B$4:$B$2454,B14) -> 898 | D14: =COUNTIFS('Cleaned Data'!$B$4:$B$2454,B14,'Cleaned Data'!$C$4:$C$2454,1)/COUNTIF('Cleaned Data'!$B$4:$B$2454,B14) -> 0.29510022 | E14: =SUMIFS('Cleaned Data'!$AJ$4:$AJ$2454,'Cleaned Data'!$B$4:$B$2454,B14,'Cleaned Data'!$C$4:$C$2454,0) -> 244086.9
B17: Booking Status | C17: Count
B18: Completed | C18: =COUNTIF('Cleaned Data'!$C$4:$C$2454,0) -> 1564
B19: Cancelled | C19: =COUNTIF('Cleaned Data'!$C$4:$C$2454,1) -> 887

Sheet Pivot - Cancellation
A1: CANCELLATION ANALYSIS
A3: By Hotel Type
A4: Category | B4: Bookings | C4: Cancelled | D4: Cancel Rate | E4: Total Revenue | F4: Avg ADR | G4: Avg Lead Time | H4: Avg Nights
A5: City Hotel | B5: =COUNTIF('Cleaned Data'!$B$4:$B$2454,A5) -> 1553 | C5: =COUNTIFS('Cleaned Data'!$B$4:$B$2454,A5,'Cleaned Data'!$C$4:$C$2454,1) -> 622 | D5: =IF(A5="","",C5/B5) -> 0.40051513 | E5: =SUMIFS('Cleaned Data'!$AJ$4:$AJ$2454,'Cleaned Data'!$B$4:$B$2454,A5,'Cleaned Data'!$C$4:$C$2454,0) -> 289666.32 | F5: =AVERAGEIFS('Cleaned Data'!$AC$4:$AC$2454,'Cleaned Data'!$B$4:$B$2454,A5) -> 106.11897 | G5: =AVERAGEIFS('Cleaned Data'!$D$4:$D$2454,'Cleaned Data'!$B$4:$B$2454,A5) -> 104.0586 | H5: =AVERAGEIFS('Cleaned Data'!$AH$4:$AH$2454,'Cleaned Data'!$B$4:$B$2454,A5) -> 2.9523503
A6: Resort Hotel | B6: =COUNTIF('Cleaned Data'!$B$4:$B$2454,A6) -> 898 | C6: =COUNTIFS('Cleaned Data'!$B$4:$B$2454,A6,'Cleaned Data'!$C$4:$C$2454,1) -> 265 | D6: =IF(A6="","",C6/B6) -> 0.29510022 | E6: =SUMIFS('Cleaned Data'!$AJ$4:$AJ$2454,'Cleaned Data'!$B$4:$B$2454,A6,'Cleaned Data'!$C$4:$C$2454,0) -> 244086.9 | F6: =AVERAGEIFS('Cleaned Data'!$AC$4:$AC$2454,'Cleaned Data'!$B$4:$B$2454,A6) -> 96.431102 | G6: =AVERAGEIFS('Cleaned Data'!$D$4:$D$2454,'Cleaned Data'!$B$4:$B$2454,A6) -> 92.634744 | H6: =AVERAGEIFS('Cleaned Data'!$AH$4:$AH$2454,'Cleaned Data'!$B$4:$B$2454,A6) -> 4.2093541
A8: By Lead Time Bucket
A9: Category | B9: Bookings | C9: Cancelled | D9: Cancel Rate | E9: Total Revenue | F9: Avg ADR | G9: Avg Lead Time | H9: Avg Nights
A10: 0-7 Days | B10: =COUNTIF('Cleaned Data'!$AL$4:$AL$2454,A10) -> 427 | C10: =COUNTIFS('Cleaned Data'!$AL$4:$AL$2454,A10,'Cleaned Data'!$C$4:$C$2454,1) -> 43 | D10: =IF(A10="","",C10/B10) -> 0.10070258 | E10: =SUMIFS('Cleaned Data'!$AJ$4:$AJ$2454,'Cleaned Data'!$AL$4:$AL$2454,A10,'Cleaned Data'!$C$4:$C$2454,0) -> 73001.81 | F10: =AVERAGEIFS('Cleaned Data'!$AC$4:$AC$2454,'Cleaned Data'!$AL$4:$AL$2454,A10) -> 93.462857 | G10: =AVERAGEIFS('Cleaned Data'!$D$4:$D$2454,'Cleaned Data'!$AL$4:$AL$2454,A10) -> 2.4637002 | H10: =AVERAGEIFS('Cleaned Data'!$AH$4:$AH$2454,'Cleaned Data'!$AL$4:$AL$2454,A10) -> 2.028103
A11: 8-30 Days | B11: =COUNTIF('Cleaned Data'!$AL$4:$AL$2454,A11) -> 388 | C11: =COUNTIFS('Cleaned Data'!$AL$4:$AL$2454,A11,'Cleaned Data'!$C$4:$C$2454,1) -> 112 | D11: =IF(A11="","",C11/B11) -> 0.28865979 | E11: =SUMIFS('Cleaned Data'!$AJ$4:$AJ$2454,'Cleaned Data'!$AL$4:$AL$2454,A11,'Cleaned Data'!$C$4:$C$2454,0) -> 85199.21 | F11: =AVERAGEIFS('Cleaned Data'!$AC$4:$AC$2454,'Cleaned Data'!$AL$4:$AL$2454,A11) -> 107.58786 | G11: =AVERAGEIFS('Cleaned Data'!$D$4:$D$2454,'Cleaned Data'!$AL$4:$AL$2454,A11) -> 18.087629 | H11: =AVERAGEIFS('Cleaned Data'!$AH$4:$AH$2454,'Cleaned Data'!$AL$4:$AL$2454,A11) -> 2.8427835
A12: 31-90 Days | B12: =COUNTIF('Cleaned Data'!$AL$4:$AL$2454,A12) -> 623 | C12: =COUNTIFS('Cleaned Data'!$AL$4:$AL$2454,A12,'Cleaned Data'!$C$4:$C$2454,1) -> 217 | D12: =IF(A12="","",C12/B12) -> 0.34831461 | E12: =SUMIFS('Cleaned Data'!$AJ$4:$AJ$2454,'Cleaned Data'!$AL$4:$AL$2454,A12,'Cleaned Data'!$C$4:$C$2454,0) -> 150860.17 | F12: =AVERAGEIFS('Cleaned Data'!$AC$4:$AC$2454,'Cleaned Data'!$AL$4:$AL$2454,A12) -> 107.64579 | G12: =AVERAGEIFS('Cleaned Data'!$D$4:$D$2454,'Cleaned Data'!$AL$4:$AL$2454,A12) -> 56.805778 | H12: =AVERAGEIFS('Cleaned Data'!$AH$4:$AH$2454,'Cleaned Data'!$AL$4:$AL$2454,A12) -> 3.6998395
A13: 90+ Days | B13: =COUNTIF('Cleaned Data'!$AL$4:$AL$2454,A13) -> 1013 | C13: =COUNTIFS('Cleaned Data'!$AL$4:$AL$2454,A13,'Cleaned Data'!$C$4:$C$2454,1) -> 515 | D13: =IF(A13="","",C13/B13) -> 0.50839092 | E13: =SUMIFS('Cleaned Data'!$AJ$4:$AJ$2454,'Cleaned Data'!$AL$4:$AL$2454,A13,'Cleaned Data'!$C$4:$C$2454,0) -> 224692.03 | F13: =AVERAGEIFS('Cleaned Data'!$AC$4:$AC$2454,'Cleaned Data'!$AL$4:$AL$2454,A13) -> 101.3641 | G13: =AVERAGEIFS('Cleaned Data'!$D$4:$D$2454,'Cleaned Data'!$AL$4:$AL$2454,A13) -> 198.74531 | H13: =AVERAGEIFS('Cleaned Data'!$AH$4:$AH$2454,'Cleaned Data'!$AL$4:$AL$2454,A13) -> 4.0384995
A15: By Deposit Type
A16: Category | B16: Bookings | C16: Cancelled | D16: Cancel Rate | E16: Total Revenue | F16: Avg ADR | G16: Avg Lead Time | H16: Avg Nights
A17: No Deposit | B17: =COUNTIF('Cleaned Data'!$X$4:$X$2454,A17) -> 2206 | C17: =COUNTIFS('Cleaned Data'!$X$4:$X$2454,A17,'Cleaned Data'!$C$4:$C$2454,1) -> 647 | D17: =IF(A17="","",C17/B17) -> 0.29329102 | E17: =SUMIFS('Cleaned Data'!$AJ$4:$AJ$2454,'Cleaned Data'!$X$4:$X$2454,A17,'Cleaned Data'!$C$4:$C$2454,0) -> 532447.22 | F17: =AVERAGEIFS('Cleaned Data'!$AC$4:$AC$2454,'Cleaned Data'!$X$4:$X$2454,A17) -> 104.33483 | G17: =AVERAGEIFS('Cleaned Data'!$D$4:$D$2454,'Cleaned Data'!$X$4:$X$2454,A17) -> 87.12194 | H17: =AVERAGEIFS('Cleaned Data'!$AH$4:$AH$2454,'Cleaned Data'!$X$4:$X$2454,A17) -> 3.4909338
A18: Non Refund | B18: =COUNTIF('Cleaned Data'!$X$4:$X$2454,A18) -> 241 | C18: =COUNTIFS('Cleaned Data'!$X$4:$X$2454,A18,'Cleaned Data'!$C$4:$C$2454,1) -> 240 | D18: =IF(A18="","",C18/B18) -> 0.99585062 | E18: =SUMIFS('Cleaned Data'!$AJ$4:$AJ$2454,'Cleaned Data'!$X$4:$X$2454,A18,'Cleaned Data'!$C$4:$C$2454,0) -> 436 | F18: =AVERAGEIFS('Cleaned Data'!$AC$4:$AC$2454,'Cleaned Data'!$X$4:$X$2454,A18) -> 86.967842 | G18: =AVERAGEIFS('Cleaned Data'!$D$4:$D$2454,'Cleaned Data'!$X$4:$X$2454,A18) -> 216.10373 | H18: =AVERAGEIFS('Cleaned Data'!$AH$4:$AH$2454,'Cleaned Data'!$X$4:$X$2454,A18) -> 2.7012448
A19: Refundable | B19: =COUNTIF('Cleaned Data'!$X$4:$X$2454,A19) -> 4 | C19: =COUNTIFS('Cleaned Data'!$X$4:$X$2454,A19,'Cleaned Data'!$C$4:$C$2454,1) -> 0 | D19: =IF(A19="","",C19/B19) -> 0 | E19: =SUMIFS('Cleaned Data'!$AJ$4:$AJ$2454,'Cleaned Data'!$X$4:$X$2454,A19,'Cleaned Data'!$C$4:$C$2454,0) -> 870 | F19: =AVERAGEIFS('Cleaned Data'!$AC$4:$AC$2454,'Cleaned Data'!$X$4:$X$2454,A19) -> 69 | G19: =AVERAGEIFS('Cleaned Data'!$D$4:$D$2454,'Cleaned Data'!$X$4:$X$2454,A19) -> 129.25 | H19: =AVERAGEIFS('Cleaned Data'!$AH$4:$AH$2454,'Cleaned Data'!$X$4:$X$2454,A19) -> 3.25
A21: By Market Segment
A22: Category | B22: Bookings | C22: Cancelled | D22: Cancel Rate | E22: Total Revenue | F22: Avg ADR | G22: Avg Lead Time | H22: Avg Nights
A23: Online TA | B23: =COUNTIF('Cleaned Data'!$P$4:$P$2454,A23) -> 1205 | C23: =COUNTIFS('Cleaned Data'!$P$4:$P$2454,A23,'Cleaned Data'!$C$4:$C$2454,1) -> 453 | D23: =IF(A23="","",C23/B23) -> 0.37593361 | E23: =SUMIFS('Cleaned Data'!$AJ$4:$AJ$2454,'Cleaned Data'!$P$4:$P$2454,A23,'Cleaned Data'!$C$4:$C$2454,0) -> 280132.14 | F23: =AVERAGEIFS('Cleaned Data'!$AC$4:$AC$2454,'Cleaned Data'!$P$4:$P$2454,A23) -> 117.53638 | G23: =AVERAGEIFS('Cleaned Data'!$D$4:$D$2454,'Cleaned Data'!$P$4:$P$2454,A23) -> 80.741909 | H23: =AVERAGEIFS('Cleaned Data'!$AH$4:$AH$2454,'Cleaned Data'!$P$4:$P$2454,A23) -> 3.4456432
A24: Offline TA/TO | B24: =COUNTIF('Cleaned Data'!$P$4:$P$2454,A24) -> 486 | C24: =COUNTIFS('Cleaned Data'!$P$4:$P$2454,A24,'Cleaned Data'!$C$4:$C$2454,1) -> 142 | D24: =IF(A24="","",C24/B24) -> 0.29218107 | E24: =SUMIFS('Cleaned Data'!$AJ$4:$AJ$2454,'Cleaned Data'!$P$4:$P$2454,A24,'Cleaned Data'!$C$4:$C$2454,0) -> 124948.31 | F24: =AVERAGEIFS('Cleaned Data'!$AC$4:$AC$2454,'Cleaned Data'!$P$4:$P$2454,A24) -> 87.023189 | G24: =AVERAGEIFS('Cleaned Data'!$D$4:$D$2454,'Cleaned Data'!$P$4:$P$2454,A24) -> 127.10905 | H24: =AVERAGEIFS('Cleaned Data'!$AH$4:$AH$2454,'Cleaned Data'!$P$4:$P$2454,A24) -> 4.1481481
A25: Groups | B25: =COUNTIF('Cleaned Data'!$P$4:$P$2454,A25) -> 369 | C25: =COUNTIFS('Cleaned Data'!$P$4:$P$2454,A25,'Cleaned Data'!$C$4:$C$2454,1) -> 221 | D25: =IF(A25="","",C25/B25) -> 0.59891599 | E25: =SUMIFS('Cleaned Data'!$AJ$4:$AJ$2454,'Cleaned Data'!$P$4:$P$2454,A25,'Cleaned Data'!$C$4:$C$2454,0) -> 38312.63 | F25: =AVERAGEIFS('Cleaned Data'!$AC$4:$AC$2454,'Cleaned Data'!$P$4:$P$2454,A25) -> 76.570949 | G25: =AVERAGEIFS('Cleaned Data'!$D$4:$D$2454,'Cleaned Data'!$P$4:$P$2454,A25) -> 187.42005 | H25: =AVERAGEIFS('Cleaned Data'!$AH$4:$AH$2454,'Cleaned Data'!$P$4:$P$2454,A25) -> 3.1246612
A26: Direct | B26: =COUNTIF('Cleaned Data'!$P$4:$P$2454,A26) -> 267 | C26: =COUNTIFS('Cleaned Data'!$P$4:$P$2454,A26,'Cleaned Data'!$C$4:$C$2454,1) -> 40 | D26: =IF(A26="","",C26/B26) -> 0.14981273 | E26: =SUMIFS('Cleaned Data'!$AJ$4:$AJ$2454,'Cleaned Data'!$P$4:$P$2454,A26,'Cleaned Data'!$C$4:$C$2454,0) -> 78038.53 | F26: =AVERAGEIFS('Cleaned Data'!$AC$4:$AC$2454,'Cleaned Data'!$P$4:$P$2454,A26) -> 117.09034 | G26: =AVERAGEIFS('Cleaned Data'!$D$4:$D$2454,'Cleaned Data'!$P$4:$P$2454,A26) -> 53.078652 | H26: =AVERAGEIFS('Cleaned Data'!$AH$4:$AH$2454,'Cleaned Data'!$P$4:$P$2454,A26) -> 2.9475655
A27: Corporate | B27: =COUNTIF('Cleaned Data'!$P$4:$P$2454,A27) -> 99 | C27: =COUNTIFS('Cleaned Data'!$P$4:$P$2454,A27,'Cleaned Data'!$C$4:$C$2454,1) -> 28 | D27: =IF(A27="","",C27/B27) -> 0.28282828 | E27: =SUMIFS('Cleaned Data'!$AJ$4:$AJ$2454,'Cleaned Data'!$P$4:$P$2454,A27,'Cleaned Data'!$C$4:$C$2454,0) -> 9698.61 | F27: =AVERAGEIFS('Cleaned Data'!$AC$4:$AC$2454,'Cleaned Data'!$P$4:$P$2454,A27) -> 71.136162 | G27: =AVERAGEIFS('Cleaned Data'!$D$4:$D$2454,'Cleaned Data'!$P$4:$P$2454,A27) -> 20.555556 | H27: =AVERAGEIFS('Cleaned Data'!$AH$4:$AH$2454,'Cleaned Data'!$P$4:$P$2454,A27) -> 2.010101
A28: Complementary | B28: =COUNTIF('Cleaned Data'!$P$4:$P$2454,A28) -> 16 | C28: =COUNTIFS('Cleaned Data'!$P$4:$P$2454,A28,'Cleaned Data'!$C$4:$C$2454,1) -> 1 | D28: =IF(A28="","",C28/B28) -> 0.0625 | E28: =SUMIFS('Cleaned Data'!$AJ$4:$AJ$2454,'Cleaned Data'!$P$4:$P$2454,A28,'Cleaned Data'!$C$4:$C$2454,0) -> 6 | F28: =AVERAGEIFS('Cleaned Data'!$AC$4:$AC$2454,'Cleaned Data'!$P$4:$P$2454,A28) -> 0.375 | G28: =AVERAGEIFS('Cleaned Data'!$D$4:$D$2454,'Cleaned Data'!$P$4:$P$2454,A28) -> 20.5 | H28: =AVERAGEIFS('Cleaned Data'!$AH$4:$AH$2454,'Cleaned Data'!$P$4:$P$2454,A28) -> 1.875
A29: Aviation | B29: =COUNTIF('Cleaned Data'!$P$4:$P$2454,A29) -> 9 | C29: =COUNTIFS('Cleaned Data'!$P$4:$P$2454,A29,'Cleaned Data'!$C$4:$C$2454,1) -> 2 | D29: =IF(A29="","",C29/B29) -> 0.22222222 | E29: =SUMIFS('Cleaned Data'!$AJ$4:$AJ$2454,'Cleaned Data'!$P$4:$P$2454,A29,'Cleaned Data'!$C$4:$C$2454,0) -> 2617 | F29: =AVERAGEIFS('Cleaned Data'!$AC$4:$AC$2454,'Cleaned Data'!$P$4:$P$2454,A29) -> 100.77778 | G29: =AVERAGEIFS('Cleaned Data'!$D$4:$D$2454,'Cleaned Data'!$P$4:$P$2454,A29) -> 3 | H29: =AVERAGEIFS('Cleaned Data'!$AH$4:$AH$2454,'Cleaned Data'!$P$4:$P$2454,A29) -> 3.1111111

Sheet Pivot - Revenue
A1: REVENUE ANALYSIS
A3: By Month (chronological)
A4: Category | B4: Bookings | C4: Cancelled | D4: Cancel Rate | E4: Total Revenue | F4: Avg ADR | G4: Avg Lead Time | H4: Avg Nights
A5: January | B5: =COUNTIF('Cleaned Data'!$F$4:$F$2454,A5) -> 118 | C5: =COUNTIFS('Cleaned Data'!$F$4:$F$2454,A5,'Cleaned Data'!$C$4:$C$2454,1) -> 32 | D5: =IF(A5="","",C5/B5) -> 0.27118644 | E5: =SUMIFS('Cleaned Data'!$AJ$4:$AJ$2454,'Cleaned Data'!$F$4:$F$2454,A5,'Cleaned Data'!$C$4:$C$2454,0) -> 16079.08 | F5: =AVERAGEIFS('Cleaned Data'!$AC$4:$AC$2454,'Cleaned Data'!$F$4:$F$2454,A5) -> 73.820254 | G5: =AVERAGEIFS('Cleaned Data'!$D$4:$D$2454,'Cleaned Data'!$F$4:$F$2454,A5) -> 40.101695 | H5: =AVERAGEIFS('Cleaned Data'!$AH$4:$AH$2454,'Cleaned Data'!$F$4:$F$2454,A5) -> 2.8474576
A6: February | B6: =COUNTIF('Cleaned Data'!$F$4:$F$2454,A6) -> 172 | C6: =COUNTIFS('Cleaned Data'!$F$4:$F$2454,A6,'Cleaned Data'!$C$4:$C$2454,1) -> 51 | D6: =IF(A6="","",C6/B6) -> 0.29651163 | E6: =SUMIFS('Cleaned Data'!$AJ$4:$AJ$2454,'Cleaned Data'!$F$4:$F$2454,A6,'Cleaned Data'!$C$4:$C$2454,0) -> 26540.44 | F6: =AVERAGEIFS('Cleaned Data'!$AC$4:$AC$2454,'Cleaned Data'!$F$4:$F$2454,A6) -> 73.815698 | G6: =AVERAGEIFS('Cleaned Data'!$D$4:$D$2454,'Cleaned Data'!$F$4:$F$2454,A6) -> 37.482558 | H6: =AVERAGEIFS('Cleaned Data'!$AH$4:$AH$2454,'Cleaned Data'!$F$4:$F$2454,A6) -> 2.8488372
A7: March | B7: =COUNTIF('Cleaned Data'!$F$4:$F$2454,A7) -> 196 | C7: =COUNTIFS('Cleaned Data'!$F$4:$F$2454,A7,'Cleaned Data'!$C$4:$C$2454,1) -> 62 | D7: =IF(A7="","",C7/B7) -> 0.31632653 | E7: =SUMIFS('Cleaned Data'!$AJ$4:$AJ$2454,'Cleaned Data'!$F$4:$F$2454,A7,'Cleaned Data'!$C$4:$C$2454,0) -> 33535.27 | F7: =AVERAGEIFS('Cleaned Data'!$AC$4:$AC$2454,'Cleaned Data'!$F$4:$F$2454,A7) -> 75.688265 | G7: =AVERAGEIFS('Cleaned Data'!$D$4:$D$2454,'Cleaned Data'!$F$4:$F$2454,A7) -> 73.739796 | H7: =AVERAGEIFS('Cleaned Data'!$AH$4:$AH$2454,'Cleaned Data'!$F$4:$F$2454,A7) -> 3.7244898
A8: April | B8: =COUNTIF('Cleaned Data'!$F$4:$F$2454,A8) -> 231 | C8: =COUNTIFS('Cleaned Data'!$F$4:$F$2454,A8,'Cleaned Data'!$C$4:$C$2454,1) -> 86 | D8: =IF(A8="","",C8/B8) -> 0.37229437 | E8: =SUMIFS('Cleaned Data'!$AJ$4:$AJ$2454,'Cleaned Data'!$F$4:$F$2454,A8,'Cleaned Data'!$C$4:$C$2454,0) -> 44367.04 | F8: =AVERAGEIFS('Cleaned Data'!$AC$4:$AC$2454,'Cleaned Data'!$F$4:$F$2454,A8) -> 101.76056 | G8: =AVERAGEIFS('Cleaned Data'!$D$4:$D$2454,'Cleaned Data'!$F$4:$F$2454,A8) -> 82.731602 | H8: =AVERAGEIFS('Cleaned Data'!$AH$4:$AH$2454,'Cleaned Data'!$F$4:$F$2454,A8) -> 3.2683983
A9: May | B9: =COUNTIF('Cleaned Data'!$F$4:$F$2454,A9) -> 227 | C9: =COUNTIFS('Cleaned Data'!$F$4:$F$2454,A9,'Cleaned Data'!$C$4:$C$2454,1) -> 85 | D9: =IF(A9="","",C9/B9) -> 0.37444934 | E9: =SUMIFS('Cleaned Data'!$AJ$4:$AJ$2454,'Cleaned Data'!$F$4:$F$2454,A9,'Cleaned Data'!$C$4:$C$2454,0) -> 47330.21 | F9: =AVERAGEIFS('Cleaned Data'!$AC$4:$AC$2454,'Cleaned Data'!$F$4:$F$2454,A9) -> 107.07189 | G9: =AVERAGEIFS('Cleaned Data'!$D$4:$D$2454,'Cleaned Data'!$F$4:$F$2454,A9) -> 118.88546 | H9: =AVERAGEIFS('Cleaned Data'!$AH$4:$AH$2454,'Cleaned Data'!$F$4:$F$2454,A9) -> 3.3348018
A10: June | B10: =COUNTIF('Cleaned Data'!$F$4:$F$2454,A10) -> 219 | C10: =COUNTIFS('Cleaned Data'!$F$4:$F$2454,A10,'Cleaned Data'!$C$4:$C$2454,1) -> 90 | D10: =IF(A10="","",C10/B10) -> 0.4109589 | E10: =SUMIFS('Cleaned Data'!$AJ$4:$AJ$2454,'Cleaned Data'!$F$4:$F$2454,A10,'Cleaned Data'!$C$4:$C$2454,0) -> 47050.29 | F10: =AVERAGEIFS('Cleaned Data'!$AC$4:$AC$2454,'Cleaned Data'!$F$4:$F$2454,A10) -> 113.25233 | G10: =AVERAGEIFS('Cleaned Data'!$D$4:$D$2454,'Cleaned Data'!$F$4:$F$2454,A10) -> 121.41553 | H10: =AVERAGEIFS('Cleaned Data'!$AH$4:$AH$2454,'Cleaned Data'!$F$4:$F$2454,A10) -> 3.3926941
A11: July | B11: =COUNTIF('Cleaned Data'!$F$4:$F$2454,A11) -> 253 | C11: =COUNTIFS('Cleaned Data'!$F$4:$F$2454,A11,'Cleaned Data'!$C$4:$C$2454,1) -> 98 | D11: =IF(A11="","",C11/B11) -> 0.38735178 | E11: =SUMIFS('Cleaned Data'!$AJ$4:$AJ$2454,'Cleaned Data'!$F$4:$F$2454,A11,'Cleaned Data'!$C$4:$C$2454,0) -> 85184.9 | F11: =AVERAGEIFS('Cleaned Data'!$AC$4:$AC$2454,'Cleaned Data'!$F$4:$F$2454,A11) -> 130.85798 | G11: =AVERAGEIFS('Cleaned Data'!$D$4:$D$2454,'Cleaned Data'!$F$4:$F$2454,A11) -> 131.1581 | H11: =AVERAGEIFS('Cleaned Data'!$AH$4:$AH$2454,'Cleaned Data'!$F$4:$F$2454,A11) -> 4.0197628
A12: August | B12: =COUNTIF('Cleaned Data'!$F$4:$F$2454,A12) -> 316 | C12: =COUNTIFS('Cleaned Data'!$F$4:$F$2454,A12,'Cleaned Data'!$C$4:$C$2454,1) -> 121 | D12: =IF(A12="","",C12/B12) -> 0.38291139 | E12: =SUMIFS('Cleaned Data'!$AJ$4:$AJ$2454,'Cleaned Data'!$F$4:$F$2454,A12,'Cleaned Data'!$C$4:$C$2454,0) -> 104522.73 | F12: =AVERAGEIFS('Cleaned Data'!$AC$4:$AC$2454,'Cleaned Data'!$F$4:$F$2454,A12) -> 145.99541 | G12: =AVERAGEIFS('Cleaned Data'!$D$4:$D$2454,'Cleaned Data'!$F$4:$F$2454,A12) -> 123.25633 | H12: =AVERAGEIFS('Cleaned Data'!$AH$4:$AH$2454,'Cleaned Data'!$F$4:$F$2454,A12) -> 3.8544304
A13: September | B13: =COUNTIF('Cleaned Data'!$F$4:$F$2454,A13) -> 213 | C13: =COUNTIFS('Cleaned Data'!$F$4:$F$2454,A13,'Cleaned Data'!$C$4:$C$2454,1) -> 81 | D13: =IF(A13="","",C13/B13) -> 0.38028169 | E13: =SUMIFS('Cleaned Data'!$AJ$4:$AJ$2454,'Cleaned Data'!$F$4:$F$2454,A13,'Cleaned Data'!$C$4:$C$2454,0) -> 46541.98 | F13: =AVERAGEIFS('Cleaned Data'!$AC$4:$AC$2454,'Cleaned Data'!$F$4:$F$2454,A13) -> 101.50944 | G13: =AVERAGEIFS('Cleaned Data'!$D$4:$D$2454,'Cleaned Data'!$F$4:$F$2454,A13) -> 127.56808 | H13: =AVERAGEIFS('Cleaned Data'!$AH$4:$AH$2454,'Cleaned Data'!$F$4:$F$2454,A13) -> 3.3380282
A14: October | B14: =COUNTIF('Cleaned Data'!$F$4:$F$2454,A14) -> 238 | C14: =COUNTIFS('Cleaned Data'!$F$4:$F$2454,A14,'Cleaned Data'!$C$4:$C$2454,1) -> 95 | D14: =IF(A14="","",C14/B14) -> 0.39915966 | E14: =SUMIFS('Cleaned Data'!$AJ$4:$AJ$2454,'Cleaned Data'!$F$4:$F$2454,A14,'Cleaned Data'!$C$4:$C$2454,0) -> 40659.08 | F14: =AVERAGEIFS('Cleaned Data'!$AC$4:$AC$2454,'Cleaned Data'!$F$4:$F$2454,A14) -> 86.002101 | G14: =AVERAGEIFS('Cleaned Data'!$D$4:$D$2454,'Cleaned Data'!$F$4:$F$2454,A14) -> 121.01261 | H14: =AVERAGEIFS('Cleaned Data'!$AH$4:$AH$2454,'Cleaned Data'!$F$4:$F$2454,A14) -> 3.2857143
A15: November | B15: =COUNTIF('Cleaned Data'!$F$4:$F$2454,A15) -> 134 | C15: =COUNTIFS('Cleaned Data'!$F$4:$F$2454,A15,'Cleaned Data'!$C$4:$C$2454,1) -> 41 | D15: =IF(A15="","",C15/B15) -> 0.30597015 | E15: =SUMIFS('Cleaned Data'!$AJ$4:$AJ$2454,'Cleaned Data'!$F$4:$F$2454,A15,'Cleaned Data'!$C$4:$C$2454,0) -> 21458.51 | F15: =AVERAGEIFS('Cleaned Data'!$AC$4:$AC$2454,'Cleaned Data'!$F$4:$F$2454,A15) -> 73.913582 | G15: =AVERAGEIFS('Cleaned Data'!$D$4:$D$2454,'Cleaned Data'!$F$4:$F$2454,A15) -> 68.708955 | H15: =AVERAGEIFS('Cleaned Data'!$AH$4:$AH$2454,'Cleaned Data'!$F$4:$F$2454,A15) -> 3.1716418
A16: December | B16: =COUNTIF('Cleaned Data'!$F$4:$F$2454,A16) -> 134 | C16: =COUNTIFS('Cleaned Data'!$F$4:$F$2454,A16,'Cleaned Data'!$C$4:$C$2454,1) -> 45 | D16: =IF(A16="","",C16/B16) -> 0.3358209 | E16: =SUMIFS('Cleaned Data'!$AJ$4:$AJ$2454,'Cleaned Data'!$F$4:$F$2454,A16,'Cleaned Data'!$C$4:$C$2454,0) -> 20483.69 | F16: =AVERAGEIFS('Cleaned Data'!$AC$4:$AC$2454,'Cleaned Data'!$F$4:$F$2454,A16) -> 84.37 | G16: =AVERAGEIFS('Cleaned Data'!$D$4:$D$2454,'Cleaned Data'!$F$4:$F$2454,A16) -> 68.335821 | H16: =AVERAGEIFS('Cleaned Data'!$AH$4:$AH$2454,'Cleaned Data'!$F$4:$F$2454,A16) -> 2.9925373
A18: By Hotel Type
A19: Category | B19: Bookings | C19: Cancelled | D19: Cancel Rate | E19: Total Revenue | F19: Avg ADR | G19: Avg Lead Time | H19: Avg Nights
A20: City Hotel | B20: =COUNTIF('Cleaned Data'!$B$4:$B$2454,A20) -> 1553 | C20: =COUNTIFS('Cleaned Data'!$B$4:$B$2454,A20,'Cleaned Data'!$C$4:$C$2454,1) -> 622 | D20: =IF(A20="","",C20/B20) -> 0.40051513 | E20: =SUMIFS('Cleaned Data'!$AJ$4:$AJ$2454,'Cleaned Data'!$B$4:$B$2454,A20,'Cleaned Data'!$C$4:$C$2454,0) -> 289666.32 | F20: =AVERAGEIFS('Cleaned Data'!$AC$4:$AC$2454,'Cleaned Data'!$B$4:$B$2454,A20) -> 106.11897 | G20: =AVERAGEIFS('Cleaned Data'!$D$4:$D$2454,'Cleaned Data'!$B$4:$B$2454,A20) -> 104.0586 | H20: =AVERAGEIFS('Cleaned Data'!$AH$4:$AH$2454,'Cleaned Data'!$B$4:$B$2454,A20) -> 2.9523503
A21: Resort Hotel | B21: =COUNTIF('Cleaned Data'!$B$4:$B$2454,A21) -> 898 | C21: =COUNTIFS('Cleaned Data'!$B$4:$B$2454,A21,'Cleaned Data'!$C$4:$C$2454,1) -> 265 | D21: =IF(A21="","",C21/B21) -> 0.29510022 | E21: =SUMIFS('Cleaned Data'!$AJ$4:$AJ$2454,'Cleaned Data'!$B$4:$B$2454,A21,'Cleaned Data'!$C$4:$C$2454,0) -> 244086.9 | F21: =AVERAGEIFS('Cleaned Data'!$AC$4:$AC$2454,'Cleaned Data'!$B$4:$B$2454,A21) -> 96.431102 | G21: =AVERAGEIFS('Cleaned Data'!$D$4:$D$2454,'Cleaned Data'!$B$4:$B$2454,A21) -> 92.634744 | H21: =AVERAGEIFS('Cleaned Data'!$AH$4:$AH$2454,'Cleaned Data'!$B$4:$B$2454,A21) -> 4.2093541
A23: By Market Segment
A24: Category | B24: Bookings | C24: Cancelled | D24: Cancel Rate | E24: Total Revenue | F24: Avg ADR | G24: Avg Lead Time | H24: Avg Nights
A25: Online TA | B25: =COUNTIF('Cleaned Data'!$P$4:$P$2454,A25) -> 1205 | C25: =COUNTIFS('Cleaned Data'!$P$4:$P$2454,A25,'Cleaned Data'!$C$4:$C$2454,1) -> 453 | D25: =IF(A25="","",C25/B25) -> 0.37593361 | E25: =SUMIFS('Cleaned Data'!$AJ$4:$AJ$2454,'Cleaned Data'!$P$4:$P$2454,A25,'Cleaned Data'!$C$4:$C$2454,0) -> 280132.14 | F25: =AVERAGEIFS('Cleaned Data'!$AC$4:$AC$2454,'Cleaned Data'!$P$4:$P$2454,A25) -> 117.53638 | G25: =AVERAGEIFS('Cleaned Data'!$D$4:$D$2454,'Cleaned Data'!$P$4:$P$2454,A25) -> 80.741909 | H25: =AVERAGEIFS('Cleaned Data'!$AH$4:$AH$2454,'Cleaned Data'!$P$4:$P$2454,A25) -> 3.4456432
A26: Offline TA/TO | B26: =COUNTIF('Cleaned Data'!$P$4:$P$2454,A26) -> 486 | C26: =COUNTIFS('Cleaned Data'!$P$4:$P$2454,A26,'Cleaned Data'!$C$4:$C$2454,1) -> 142 | D26: =IF(A26="","",C26/B26) -> 0.29218107 | E26: =SUMIFS('Cleaned Data'!$AJ$4:$AJ$2454,'Cleaned Data'!$P$4:$P$2454,A26,'Cleaned Data'!$C$4:$C$2454,0) -> 124948.31 | F26: =AVERAGEIFS('Cleaned Data'!$AC$4:$AC$2454,'Cleaned Data'!$P$4:$P$2454,A26) -> 87.023189 | G26: =AVERAGEIFS('Cleaned Data'!$D$4:$D$2454,'Cleaned Data'!$P$4:$P$2454,A26) -> 127.10905 | H26: =AVERAGEIFS('Cleaned Data'!$AH$4:$AH$2454,'Cleaned Data'!$P$4:$P$2454,A26) -> 4.1481481
A27: Groups | B27: =COUNTIF('Cleaned Data'!$P$4:$P$2454,A27) -> 369 | C27: =COUNTIFS('Cleaned Data'!$P$4:$P$2454,A27,'Cleaned Data'!$C$4:$C$2454,1) -> 221 | D27: =IF(A27="","",C27/B27) -> 0.59891599 | E27: =SUMIFS('Cleaned Data'!$AJ$4:$AJ$2454,'Cleaned Data'!$P$4:$P$2454,A27,'Cleaned Data'!$C$4:$C$2454,0) -> 38312.63 | F27: =AVERAGEIFS('Cleaned Data'!$AC$4:$AC$2454,'Cleaned Data'!$P$4:$P$2454,A27) -> 76.570949 | G27: =AVERAGEIFS('Cleaned Data'!$D$4:$D$2454,'Cleaned Data'!$P$4:$P$2454,A27) -> 187.42005 | H27: =AVERAGEIFS('Cleaned Data'!$AH$4:$AH$2454,'Cleaned Data'!$P$4:$P$2454,A27) -> 3.1246612
A28: Direct | B28: =COUNTIF('Cleaned Data'!$P$4:$P$2454,A28) -> 267 | C28: =COUNTIFS('Cleaned Data'!$P$4:$P$2454,A28,'Cleaned Data'!$C$4:$C$2454,1) -> 40 | D28: =IF(A28="","",C28/B28) -> 0.14981273 | E28: =SUMIFS('Cleaned Data'!$AJ$4:$AJ$2454,'Cleaned Data'!$P$4:$P$2454,A28,'Cleaned Data'!$C$4:$C$2454,0) -> 78038.53 | F28: =AVERAGEIFS('Cleaned Data'!$AC$4:$AC$2454,'Cleaned Data'!$P$4:$P$2454,A28) -> 117.09034 | G28: =AVERAGEIFS('Cleaned Data'!$D$4:$D$2454,'Cleaned Data'!$P$4:$P$2454,A28) -> 53.078652 | H28: =AVERAGEIFS('Cleaned Data'!$AH$4:$AH$2454,'Cleaned Data'!$P$4:$P$2454,A28) -> 2.9475655
A29: Corporate | B29: =COUNTIF('Cleaned Data'!$P$4:$P$2454,A29) -> 99 | C29: =COUNTIFS('Cleaned Data'!$P$4:$P$2454,A29,'Cleaned Data'!$C$4:$C$2454,1) -> 28 | D29: =IF(A29="","",C29/B29) -> 0.28282828 | E29: =SUMIFS('Cleaned Data'!$AJ$4:$AJ$2454,'Cleaned Data'!$P$4:$P$2454,A29,'Cleaned Data'!$C$4:$C$2454,0) -> 9698.61 | F29: =AVERAGEIFS('Cleaned Data'!$AC$4:$AC$2454,'Cleaned Data'!$P$4:$P$2454,A29) -> 71.136162 | G29: =AVERAGEIFS('Cleaned Data'!$D$4:$D$2454,'Cleaned Data'!$P$4:$P$2454,A29) -> 20.555556 | H29: =AVERAGEIFS('Cleaned Data'!$AH$4:$AH$2454,'Cleaned Data'!$P$4:$P$2454,A29) -> 2.010101
A30: Complementary | B30: =COUNTIF('Cleaned Data'!$P$4:$P$2454,A30) -> 16 | C30: =COUNTIFS('Cleaned Data'!$P$4:$P$2454,A30,'Cleaned Data'!$C$4:$C$2454,1) -> 1 | D30: =IF(A30="","",C30/B30) -> 0.0625 | E30: =SUMIFS('Cleaned Data'!$AJ$4:$AJ$2454,'Cleaned Data'!$P$4:$P$2454,A30,'Cleaned Data'!$C$4:$C$2454,0) -> 6 | F30: =AVERAGEIFS('Cleaned Data'!$AC$4:$AC$2454,'Cleaned Data'!$P$4:$P$2454,A30) -> 0.375 | G30: =AVERAGEIFS('Cleaned Data'!$D$4:$D$2454,'Cleaned Data'!$P$4:$P$2454,A30) -> 20.5 | H30: =AVERAGEIFS('Cleaned Data'!$AH$4:$AH$2454,'Cleaned Data'!$P$4:$P$2454,A30) -> 1.875
A31: Aviation | B31: =COUNTIF('Cleaned Data'!$P$4:$P$2454,A31) -> 9 | C31: =COUNTIFS('Cleaned Data'!$P$4:$P$2454,A31,'Cleaned Data'!$C$4:$C$2454,1) -> 2 | D31: =IF(A31="","",C31/B31) -> 0.22222222 | E31: =SUMIFS('Cleaned Data'!$AJ$4:$AJ$2454,'Cleaned Data'!$P$4:$P$2454,A31,'Cleaned Data'!$C$4:$C$2454,0) -> 2617 | F31: =AVERAGEIFS('Cleaned Data'!$AC$4:$AC$2454,'Cleaned Data'!$P$4:$P$2454,A31) -> 100.77778 | G31: =AVERAGEIFS('Cleaned Data'!$D$4:$D$2454,'Cleaned Data'!$P$4:$P$2454,A31) -> 3 | H31: =AVERAGEIFS('Cleaned Data'!$AH$4:$AH$2454,'Cleaned Data'!$P$4:$P$2454,A31) -> 3.1111111

Sheet Pivot - Room Type
A1: ROOM TYPE ANALYSIS (Reserved Room Type)
A3: Bookings, Revenue & ADR by Room Type
A4: Category | B4: Bookings | C4: Cancelled | D4: Cancel Rate | E4: Total Revenue | F4: Avg ADR | G4: Avg Lead Time | H4: Avg Nights
A5: A | B5: =COUNTIF('Cleaned Data'!$U$4:$U$2454,A5) -> 1730 | C5: =COUNTIFS('Cleaned Data'!$U$4:$U$2454,A5,'Cleaned Data'!$C$4:$C$2454,1) -> 651 | D5: =IF(A5="","",C5/B5) -> 0.37630058 | E5: =SUMIFS('Cleaned Data'!$AJ$4:$AJ$2454,'Cleaned Data'!$U$4:$U$2454,A5,'Cleaned Data'!$C$4:$C$2454,0) -> 310360.86 | F5: =AVERAGEIFS('Cleaned Data'!$AC$4:$AC$2454,'Cleaned Data'!$U$4:$U$2454,A5) -> 91.629399 | G5: =AVERAGEIFS('Cleaned Data'!$D$4:$D$2454,'Cleaned Data'!$U$4:$U$2454,A5) -> 106.03526 | H5: =AVERAGEIFS('Cleaned Data'!$AH$4:$AH$2454,'Cleaned Data'!$U$4:$U$2454,A5) -> 3.1439306
A6: B | B6: =COUNTIF('Cleaned Data'!$U$4:$U$2454,A6) -> 26 | C6: =COUNTIFS('Cleaned Data'!$U$4:$U$2454,A6,'Cleaned Data'!$C$4:$C$2454,1) -> 10 | D6: =IF(A6="","",C6/B6) -> 0.38461538 | E6: =SUMIFS('Cleaned Data'!$AJ$4:$AJ$2454,'Cleaned Data'!$U$4:$U$2454,A6,'Cleaned Data'!$C$4:$C$2454,0) -> 4223.53 | F6: =AVERAGEIFS('Cleaned Data'!$AC$4:$AC$2454,'Cleaned Data'!$U$4:$U$2454,A6) -> 84.468462 | G6: =AVERAGEIFS('Cleaned Data'!$D$4:$D$2454,'Cleaned Data'!$U$4:$U$2454,A6) -> 84.846154 | H6: =AVERAGEIFS('Cleaned Data'!$AH$4:$AH$2454,'Cleaned Data'!$U$4:$U$2454,A6) -> 3.5
A7: C | B7: =COUNTIF('Cleaned Data'!$U$4:$U$2454,A7) -> 27 | C7: =COUNTIFS('Cleaned Data'!$U$4:$U$2454,A7,'Cleaned Data'!$C$4:$C$2454,1) -> 7 | D7: =IF(A7="","",C7/B7) -> 0.25925926 | E7: =SUMIFS('Cleaned Data'!$AJ$4:$AJ$2454,'Cleaned Data'!$U$4:$U$2454,A7,'Cleaned Data'!$C$4:$C$2454,0) -> 13543.31 | F7: =AVERAGEIFS('Cleaned Data'!$AC$4:$AC$2454,'Cleaned Data'!$U$4:$U$2454,A7) -> 161.61852 | G7: =AVERAGEIFS('Cleaned Data'!$D$4:$D$2454,'Cleaned Data'!$U$4:$U$2454,A7) -> 88.888889 | H7: =AVERAGEIFS('Cleaned Data'!$AH$4:$AH$2454,'Cleaned Data'!$U$4:$U$2454,A7) -> 4.8888889
A8: D | B8: =COUNTIF('Cleaned Data'!$U$4:$U$2454,A8) -> 397 | C8: =COUNTIFS('Cleaned Data'!$U$4:$U$2454,A8,'Cleaned Data'!$C$4:$C$2454,1) -> 125 | D8: =IF(A8="","",C8/B8) -> 0.31486146 | E8: =SUMIFS('Cleaned Data'!$AJ$4:$AJ$2454,'Cleaned Data'!$U$4:$U$2454,A8,'Cleaned Data'!$C$4:$C$2454,0) -> 114537.8 | F8: =AVERAGEIFS('Cleaned Data'!$AC$4:$AC$2454,'Cleaned Data'!$U$4:$U$2454,A8) -> 116.48897 | G8: =AVERAGEIFS('Cleaned Data'!$D$4:$D$2454,'Cleaned Data'!$U$4:$U$2454,A8) -> 83.811083 | H8: =AVERAGEIFS('Cleaned Data'!$AH$4:$AH$2454,'Cleaned Data'!$U$4:$U$2454,A8) -> 4.0352645
A9: E | B9: =COUNTIF('Cleaned Data'!$U$4:$U$2454,A9) -> 152 | C9: =COUNTIFS('Cleaned Data'!$U$4:$U$2454,A9,'Cleaned Data'!$C$4:$C$2454,1) -> 55 | D9: =IF(A9="","",C9/B9) -> 0.36184211 | E9: =SUMIFS('Cleaned Data'!$AJ$4:$AJ$2454,'Cleaned Data'!$U$4:$U$2454,A9,'Cleaned Data'!$C$4:$C$2454,0) -> 47718.82 | F9: =AVERAGEIFS('Cleaned Data'!$AC$4:$AC$2454,'Cleaned Data'!$U$4:$U$2454,A9) -> 128.16757 | G9: =AVERAGEIFS('Cleaned Data'!$D$4:$D$2454,'Cleaned Data'!$U$4:$U$2454,A9) -> 90.480263 | H9: =AVERAGEIFS('Cleaned Data'!$AH$4:$AH$2454,'Cleaned Data'!$U$4:$U$2454,A9) -> 4.3552632
A10: F | B10: =COUNTIF('Cleaned Data'!$U$4:$U$2454,A10) -> 67 | C10: =COUNTIFS('Cleaned Data'!$U$4:$U$2454,A10,'Cleaned Data'!$C$4:$C$2454,1) -> 18 | D10: =IF(A10="","",C10/B10) -> 0.26865672 | E10: =SUMIFS('Cleaned Data'!$AJ$4:$AJ$2454,'Cleaned Data'!$U$4:$U$2454,A10,'Cleaned Data'!$C$4:$C$2454,0) -> 27602.25 | F10: =AVERAGEIFS('Cleaned Data'!$AC$4:$AC$2454,'Cleaned Data'!$U$4:$U$2454,A10) -> 165.79896 | G10: =AVERAGEIFS('Cleaned Data'!$D$4:$D$2454,'Cleaned Data'!$U$4:$U$2454,A10) -> 92.656716 | H10: =AVERAGEIFS('Cleaned Data'!$AH$4:$AH$2454,'Cleaned Data'!$U$4:$U$2454,A10) -> 3.6268657
A11: G | B11: =COUNTIF('Cleaned Data'!$U$4:$U$2454,A11) -> 37 | C11: =COUNTIFS('Cleaned Data'!$U$4:$U$2454,A11,'Cleaned Data'!$C$4:$C$2454,1) -> 15 | D11: =IF(A11="","",C11/B11) -> 0.40540541 | E11: =SUMIFS('Cleaned Data'!$AJ$4:$AJ$2454,'Cleaned Data'!$U$4:$U$2454,A11,'Cleaned Data'!$C$4:$C$2454,0) -> 9845.54 | F11: =AVERAGEIFS('Cleaned Data'!$AC$4:$AC$2454,'Cleaned Data'!$U$4:$U$2454,A11) -> 164.91486 | G11: =AVERAGEIFS('Cleaned Data'!$D$4:$D$2454,'Cleaned Data'!$U$4:$U$2454,A11) -> 61 | H11: =AVERAGEIFS('Cleaned Data'!$AH$4:$AH$2454,'Cleaned Data'!$U$4:$U$2454,A11) -> 3.6216216
A12: H | B12: =COUNTIF('Cleaned Data'!$U$4:$U$2454,A12) -> 15 | C12: =COUNTIFS('Cleaned Data'!$U$4:$U$2454,A12,'Cleaned Data'!$C$4:$C$2454,1) -> 6 | D12: =IF(A12="","",C12/B12) -> 0.4 | E12: =SUMIFS('Cleaned Data'!$AJ$4:$AJ$2454,'Cleaned Data'!$U$4:$U$2454,A12,'Cleaned Data'!$C$4:$C$2454,0) -> 5921.11 | F12: =AVERAGEIFS('Cleaned Data'!$AC$4:$AC$2454,'Cleaned Data'!$U$4:$U$2454,A12) -> 225.412 | G12: =AVERAGEIFS('Cleaned Data'!$D$4:$D$2454,'Cleaned Data'!$U$4:$U$2454,A12) -> 83.4 | H12: =AVERAGEIFS('Cleaned Data'!$AH$4:$AH$2454,'Cleaned Data'!$U$4:$U$2454,A12) -> 4.1333333
A14: Note: Room letters are anonymised codes in the original dataset (A-H) representing different room categories/rate classes.

Sheet Pivot - LeadTime & Stay
A1: LEAD TIME & STAY DURATION ANALYSIS
A3: By Lead Time Bucket
A4: Category | B4: Bookings | C4: Cancelled | D4: Cancel Rate | E4: Total Revenue | F4: Avg ADR | G4: Avg Lead Time | H4: Avg Nights
A5: 0-7 Days | B5: =COUNTIF('Cleaned Data'!$AL$4:$AL$2454,A5) -> 427 | C5: =COUNTIFS('Cleaned Data'!$AL$4:$AL$2454,A5,'Cleaned Data'!$C$4:$C$2454,1) -> 43 | D5: =IF(A5="","",C5/B5) -> 0.10070258 | E5: =SUMIFS('Cleaned Data'!$AJ$4:$AJ$2454,'Cleaned Data'!$AL$4:$AL$2454,A5,'Cleaned Data'!$C$4:$C$2454,0) -> 73001.81 | F5: =AVERAGEIFS('Cleaned Data'!$AC$4:$AC$2454,'Cleaned Data'!$AL$4:$AL$2454,A5) -> 93.462857 | G5: =AVERAGEIFS('Cleaned Data'!$D$4:$D$2454,'Cleaned Data'!$AL$4:$AL$2454,A5) -> 2.4637002 | H5: =AVERAGEIFS('Cleaned Data'!$AH$4:$AH$2454,'Cleaned Data'!$AL$4:$AL$2454,A5) -> 2.028103
A6: 8-30 Days | B6: =COUNTIF('Cleaned Data'!$AL$4:$AL$2454,A6) -> 388 | C6: =COUNTIFS('Cleaned Data'!$AL$4:$AL$2454,A6,'Cleaned Data'!$C$4:$C$2454,1) -> 112 | D6: =IF(A6="","",C6/B6) -> 0.28865979 | E6: =SUMIFS('Cleaned Data'!$AJ$4:$AJ$2454,'Cleaned Data'!$AL$4:$AL$2454,A6,'Cleaned Data'!$C$4:$C$2454,0) -> 85199.21 | F6: =AVERAGEIFS('Cleaned Data'!$AC$4:$AC$2454,'Cleaned Data'!$AL$4:$AL$2454,A6) -> 107.58786 | G6: =AVERAGEIFS('Cleaned Data'!$D$4:$D$2454,'Cleaned Data'!$AL$4:$AL$2454,A6) -> 18.087629 | H6: =AVERAGEIFS('Cleaned Data'!$AH$4:$AH$2454,'Cleaned Data'!$AL$4:$AL$2454,A6) -> 2.8427835
A7: 31-90 Days | B7: =COUNTIF('Cleaned Data'!$AL$4:$AL$2454,A7) -> 623 | C7: =COUNTIFS('Cleaned Data'!$AL$4:$AL$2454,A7,'Cleaned Data'!$C$4:$C$2454,1) -> 217 | D7: =IF(A7="","",C7/B7) -> 0.34831461 | E7: =SUMIFS('Cleaned Data'!$AJ$4:$AJ$2454,'Cleaned Data'!$AL$4:$AL$2454,A7,'Cleaned Data'!$C$4:$C$2454,0) -> 150860.17 | F7: =AVERAGEIFS('Cleaned Data'!$AC$4:$AC$2454,'Cleaned Data'!$AL$4:$AL$2454,A7) -> 107.64579 | G7: =AVERAGEIFS('Cleaned Data'!$D$4:$D$2454,'Cleaned Data'!$AL$4:$AL$2454,A7) -> 56.805778 | H7: =AVERAGEIFS('Cleaned Data'!$AH$4:$AH$2454,'Cleaned Data'!$AL$4:$AL$2454,A7) -> 3.6998395
A8: 90+ Days | B8: =COUNTIF('Cleaned Data'!$AL$4:$AL$2454,A8) -> 1013 | C8: =COUNTIFS('Cleaned Data'!$AL$4:$AL$2454,A8,'Cleaned Data'!$C$4:$C$2454,1) -> 515 | D8: =IF(A8="","",C8/B8) -> 0.50839092 | E8: =SUMIFS('Cleaned Data'!$AJ$4:$AJ$2454,'Cleaned Data'!$AL$4:$AL$2454,A8,'Cleaned Data'!$C$4:$C$2454,0) -> 224692.03 | F8: =AVERAGEIFS('Cleaned Data'!$AC$4:$AC$2454,'Cleaned Data'!$AL$4:$AL$2454,A8) -> 101.3641 | G8: =AVERAGEIFS('Cleaned Data'!$D$4:$D$2454,'Cleaned Data'!$AL$4:$AL$2454,A8) -> 198.74531 | H8: =AVERAGEIFS('Cleaned Data'!$AH$4:$AH$2454,'Cleaned Data'!$AL$4:$AL$2454,A8) -> 4.0384995
A10: By Hotel Type
A11: Category | B11: Bookings | C11: Cancelled | D11: Cancel Rate | E11: Total Revenue | F11: Avg ADR | G11: Avg Lead Time | H11: Avg Nights
A12: City Hotel | B12: =COUNTIF('Cleaned Data'!$B$4:$B$2454,A12) -> 1553 | C12: =COUNTIFS('Cleaned Data'!$B$4:$B$2454,A12,'Cleaned Data'!$C$4:$C$2454,1) -> 622 | D12: =IF(A12="","",C12/B12) -> 0.40051513 | E12: =SUMIFS('Cleaned Data'!$AJ$4:$AJ$2454,'Cleaned Data'!$B$4:$B$2454,A12,'Cleaned Data'!$C$4:$C$2454,0) -> 289666.32 | F12: =AVERAGEIFS('Cleaned Data'!$AC$4:$AC$2454,'Cleaned Data'!$B$4:$B$2454,A12) -> 106.11897 | G12: =AVERAGEIFS('Cleaned Data'!$D$4:$D$2454,'Cleaned Data'!$B$4:$B$2454,A12) -> 104.0586 | H12: =AVERAGEIFS('Cleaned Data'!$AH$4:$AH$2454,'Cleaned Data'!$B$4:$B$2454,A12) -> 2.9523503
A13: Resort Hotel | B13: =COUNTIF('Cleaned Data'!$B$4:$B$2454,A13) -> 898 | C13: =COUNTIFS('Cleaned Data'!$B$4:$B$2454,A13,'Cleaned Data'!$C$4:$C$2454,1) -> 265 | D13: =IF(A13="","",C13/B13) -> 0.29510022 | E13: =SUMIFS('Cleaned Data'!$AJ$4:$AJ$2454,'Cleaned Data'!$B$4:$B$2454,A13,'Cleaned Data'!$C$4:$C$2454,0) -> 244086.9 | F13: =AVERAGEIFS('Cleaned Data'!$AC$4:$AC$2454,'Cleaned Data'!$B$4:$B$2454,A13) -> 96.431102 | G13: =AVERAGEIFS('Cleaned Data'!$D$4:$D$2454,'Cleaned Data'!$B$4:$B$2454,A13) -> 92.634744 | H13: =AVERAGEIFS('Cleaned Data'!$AH$4:$AH$2454,'Cleaned Data'!$B$4:$B$2454,A13) -> 4.2093541
A15: By Customer Type
A16: Category | B16: Bookings | C16: Cancelled | D16: Cancel Rate | E16: Total Revenue | F16: Avg ADR | G16: Avg Lead Time | H16: Avg Nights
A17: Transient | B17: =COUNTIF('Cleaned Data'!$AB$4:$AB$2454,A17) -> 1844 | C17: =COUNTIFS('Cleaned Data'!$AB$4:$AB$2454,A17,'Cleaned Data'!$C$4:$C$2454,1) -> 730 | D17: =IF(A17="","",C17/B17) -> 0.39587852 | E17: =SUMIFS('Cleaned Data'!$AJ$4:$AJ$2454,'Cleaned Data'!$AB$4:$AB$2454,A17,'Cleaned Data'!$C$4:$C$2454,0) -> 394504.69 | F17: =AVERAGEIFS('Cleaned Data'!$AC$4:$AC$2454,'Cleaned Data'!$AB$4:$AB$2454,A17) -> 108.2366 | G17: =AVERAGEIFS('Cleaned Data'!$D$4:$D$2454,'Cleaned Data'!$AB$4:$AB$2454,A17) -> 88.060738 | H17: =AVERAGEIFS('Cleaned Data'!$AH$4:$AH$2454,'Cleaned Data'!$AB$4:$AB$2454,A17) -> 3.3969631
A18: Transient-Party | B18: =COUNTIF('Cleaned Data'!$AB$4:$AB$2454,A18) -> 504 | C18: =COUNTIFS('Cleaned Data'!$AB$4:$AB$2454,A18,'Cleaned Data'!$C$4:$C$2454,1) -> 130 | D18: =IF(A18="","",C18/B18) -> 0.25793651 | E18: =SUMIFS('Cleaned Data'!$AJ$4:$AJ$2454,'Cleaned Data'!$AB$4:$AB$2454,A18,'Cleaned Data'!$C$4:$C$2454,0) -> 104359.94 | F18: =AVERAGEIFS('Cleaned Data'!$AC$4:$AC$2454,'Cleaned Data'!$AB$4:$AB$2454,A18) -> 85.938472 | G18: =AVERAGEIFS('Cleaned Data'!$D$4:$D$2454,'Cleaned Data'!$AB$4:$AB$2454,A18) -> 135.95238 | H18: =AVERAGEIFS('Cleaned Data'!$AH$4:$AH$2454,'Cleaned Data'!$AB$4:$AB$2454,A18) -> 3.1765873
A19: Contract | B19: =COUNTIF('Cleaned Data'!$AB$4:$AB$2454,A19) -> 98 | C19: =COUNTIFS('Cleaned Data'!$AB$4:$AB$2454,A19,'Cleaned Data'!$C$4:$C$2454,1) -> 25 | D19: =IF(A19="","",C19/B19) -> 0.25510204 | E19: =SUMIFS('Cleaned Data'!$AJ$4:$AJ$2454,'Cleaned Data'!$AB$4:$AB$2454,A19,'Cleaned Data'!$C$4:$C$2454,0) -> 34220.59 | F19: =AVERAGEIFS('Cleaned Data'!$AC$4:$AC$2454,'Cleaned Data'!$AB$4:$AB$2454,A19) -> 82.740918 | G19: =AVERAGEIFS('Cleaned Data'!$D$4:$D$2454,'Cleaned Data'!$AB$4:$AB$2454,A19) -> 137.78571 | H19: =AVERAGEIFS('Cleaned Data'!$AH$4:$AH$2454,'Cleaned Data'!$AB$4:$AB$2454,A19) -> 4.9489796
A20: Group | B20: =COUNTIF('Cleaned Data'!$AB$4:$AB$2454,A20) -> 5 | C20: =COUNTIFS('Cleaned Data'!$AB$4:$AB$2454,A20,'Cleaned Data'!$C$4:$C$2454,1) -> 2 | D20: =IF(A20="","",C20/B20) -> 0.4 | E20: =SUMIFS('Cleaned Data'!$AJ$4:$AJ$2454,'Cleaned Data'!$AB$4:$AB$2454,A20,'Cleaned Data'!$C$4:$C$2454,0) -> 668 | F20: =AVERAGEIFS('Cleaned Data'!$AC$4:$AC$2454,'Cleaned Data'!$AB$4:$AB$2454,A20) -> 77.6 | G20: =AVERAGEIFS('Cleaned Data'!$D$4:$D$2454,'Cleaned Data'!$AB$4:$AB$2454,A20) -> 76.4 | H20: =AVERAGEIFS('Cleaned Data'!$AH$4:$AH$2454,'Cleaned Data'!$AB$4:$AB$2454,A20) -> 3
A22: By Season
A23: Category | B23: Bookings | C23: Cancelled | D23: Cancel Rate | E23: Total Revenue | F23: Avg ADR | G23: Avg Lead Time | H23: Avg Nights
A24: Winter | B24: =COUNTIF('Cleaned Data'!$AM$4:$AM$2454,A24) -> 424 | C24: =COUNTIFS('Cleaned Data'!$AM$4:$AM$2454,A24,'Cleaned Data'!$C$4:$C$2454,1) -> 128 | D24: =IF(A24="","",C24/B24) -> 0.30188679 | E24: =SUMIFS('Cleaned Data'!$AJ$4:$AJ$2454,'Cleaned Data'!$AM$4:$AM$2454,A24,'Cleaned Data'!$C$4:$C$2454,0) -> 63103.21 | F24: =AVERAGEIFS('Cleaned Data'!$AC$4:$AC$2454,'Cleaned Data'!$AM$4:$AM$2454,A24) -> 77.152524 | G24: =AVERAGEIFS('Cleaned Data'!$D$4:$D$2454,'Cleaned Data'!$AM$4:$AM$2454,A24) -> 47.962264 | H24: =AVERAGEIFS('Cleaned Data'!$AH$4:$AH$2454,'Cleaned Data'!$AM$4:$AM$2454,A24) -> 2.8938679
A25: Spring | B25: =COUNTIF('Cleaned Data'!$AM$4:$AM$2454,A25) -> 654 | C25: =COUNTIFS('Cleaned Data'!$AM$4:$AM$2454,A25,'Cleaned Data'!$C$4:$C$2454,1) -> 233 | D25: =IF(A25="","",C25/B25) -> 0.35626911 | E25: =SUMIFS('Cleaned Data'!$AJ$4:$AJ$2454,'Cleaned Data'!$AM$4:$AM$2454,A25,'Cleaned Data'!$C$4:$C$2454,0) -> 125232.52 | F25: =AVERAGEIFS('Cleaned Data'!$AC$4:$AC$2454,'Cleaned Data'!$AM$4:$AM$2454,A25) -> 95.790382 | G25: =AVERAGEIFS('Cleaned Data'!$D$4:$D$2454,'Cleaned Data'!$AM$4:$AM$2454,A25) -> 92.585627 | H25: =AVERAGEIFS('Cleaned Data'!$AH$4:$AH$2454,'Cleaned Data'!$AM$4:$AM$2454,A25) -> 3.4281346
A26: Summer | B26: =COUNTIF('Cleaned Data'!$AM$4:$AM$2454,A26) -> 788 | C26: =COUNTIFS('Cleaned Data'!$AM$4:$AM$2454,A26,'Cleaned Data'!$C$4:$C$2454,1) -> 309 | D26: =IF(A26="","",C26/B26) -> 0.39213198 | E26: =SUMIFS('Cleaned Data'!$AJ$4:$AJ$2454,'Cleaned Data'!$AM$4:$AM$2454,A26,'Cleaned Data'!$C$4:$C$2454,0) -> 236757.92 | F26: =AVERAGEIFS('Cleaned Data'!$AC$4:$AC$2454,'Cleaned Data'!$AM$4:$AM$2454,A26) -> 132.03538 | G26: =AVERAGEIFS('Cleaned Data'!$D$4:$D$2454,'Cleaned Data'!$AM$4:$AM$2454,A26) -> 125.28173 | H26: =AVERAGEIFS('Cleaned Data'!$AH$4:$AH$2454,'Cleaned Data'!$AM$4:$AM$2454,A26) -> 3.7791878
A27: Autumn | B27: =COUNTIF('Cleaned Data'!$AM$4:$AM$2454,A27) -> 585 | C27: =COUNTIFS('Cleaned Data'!$AM$4:$AM$2454,A27,'Cleaned Data'!$C$4:$C$2454,1) -> 217 | D27: =IF(A27="","",C27/B27) -> 0.37094017 | E27: =SUMIFS('Cleaned Data'!$AJ$4:$AJ$2454,'Cleaned Data'!$AM$4:$AM$2454,A27,'Cleaned Data'!$C$4:$C$2454,0) -> 108659.57 | F27: =AVERAGEIFS('Cleaned Data'!$AC$4:$AC$2454,'Cleaned Data'!$AM$4:$AM$2454,A27) -> 88.879368 | G27: =AVERAGEIFS('Cleaned Data'!$D$4:$D$2454,'Cleaned Data'!$AM$4:$AM$2454,A27) -> 111.4188 | H27: =AVERAGEIFS('Cleaned Data'!$AH$4:$AH$2454,'Cleaned Data'!$AM$4:$AM$2454,A27) -> 3.2786325

Sheet Pivot - Monthly Trend
A1: MONTHLY BOOKING TREND / SEASONALITY
A3: Bookings & Cancellation Rate by Month
A4: Category | B4: Bookings | C4: Cancelled | D4: Cancel Rate | E4: Total Revenue | F4: Avg ADR | G4: Avg Lead Time | H4: Avg Nights
A5: January | B5: =COUNTIF('Cleaned Data'!$F$4:$F$2454,A5) -> 118 | C5: =COUNTIFS('Cleaned Data'!$F$4:$F$2454,A5,'Cleaned Data'!$C$4:$C$2454,1) -> 32 | D5: =IF(A5="","",C5/B5) -> 0.27118644 | E5: =SUMIFS('Cleaned Data'!$AJ$4:$AJ$2454,'Cleaned Data'!$F$4:$F$2454,A5,'Cleaned Data'!$C$4:$C$2454,0) -> 16079.08 | F5: =AVERAGEIFS('Cleaned Data'!$AC$4:$AC$2454,'Cleaned Data'!$F$4:$F$2454,A5) -> 73.820254 | G5: =AVERAGEIFS('Cleaned Data'!$D$4:$D$2454,'Cleaned Data'!$F$4:$F$2454,A5) -> 40.101695 | H5: =AVERAGEIFS('Cleaned Data'!$AH$4:$AH$2454,'Cleaned Data'!$F$4:$F$2454,A5) -> 2.8474576
A6: February | B6: =COUNTIF('Cleaned Data'!$F$4:$F$2454,A6) -> 172 | C6: =COUNTIFS('Cleaned Data'!$F$4:$F$2454,A6,'Cleaned Data'!$C$4:$C$2454,1) -> 51 | D6: =IF(A6="","",C6/B6) -> 0.29651163 | E6: =SUMIFS('Cleaned Data'!$AJ$4:$AJ$2454,'Cleaned Data'!$F$4:$F$2454,A6,'Cleaned Data'!$C$4:$C$2454,0) -> 26540.44 | F6: =AVERAGEIFS('Cleaned Data'!$AC$4:$AC$2454,'Cleaned Data'!$F$4:$F$2454,A6) -> 73.815698 | G6: =AVERAGEIFS('Cleaned Data'!$D$4:$D$2454,'Cleaned Data'!$F$4:$F$2454,A6) -> 37.482558 | H6: =AVERAGEIFS('Cleaned Data'!$AH$4:$AH$2454,'Cleaned Data'!$F$4:$F$2454,A6) -> 2.8488372
A7: March | B7: =COUNTIF('Cleaned Data'!$F$4:$F$2454,A7) -> 196 | C7: =COUNTIFS('Cleaned Data'!$F$4:$F$2454,A7,'Cleaned Data'!$C$4:$C$2454,1) -> 62 | D7: =IF(A7="","",C7/B7) -> 0.31632653 | E7: =SUMIFS('Cleaned Data'!$AJ$4:$AJ$2454,'Cleaned Data'!$F$4:$F$2454,A7,'Cleaned Data'!$C$4:$C$2454,0) -> 33535.27 | F7: =AVERAGEIFS('Cleaned Data'!$AC$4:$AC$2454,'Cleaned Data'!$F$4:$F$2454,A7) -> 75.688265 | G7: =AVERAGEIFS('Cleaned Data'!$D$4:$D$2454,'Cleaned Data'!$F$4:$F$2454,A7) -> 73.739796 | H7: =AVERAGEIFS('Cleaned Data'!$AH$4:$AH$2454,'Cleaned Data'!$F$4:$F$2454,A7) -> 3.7244898
A8: April | B8: =COUNTIF('Cleaned Data'!$F$4:$F$2454,A8) -> 231 | C8: =COUNTIFS('Cleaned Data'!$F$4:$F$2454,A8,'Cleaned Data'!$C$4:$C$2454,1) -> 86 | D8: =IF(A8="","",C8/B8) -> 0.37229437 | E8: =SUMIFS('Cleaned Data'!$AJ$4:$AJ$2454,'Cleaned Data'!$F$4:$F$2454,A8,'Cleaned Data'!$C$4:$C$2454,0) -> 44367.04 | F8: =AVERAGEIFS('Cleaned Data'!$AC$4:$AC$2454,'Cleaned Data'!$F$4:$F$2454,A8) -> 101.76056 | G8: =AVERAGEIFS('Cleaned Data'!$D$4:$D$2454,'Cleaned Data'!$F$4:$F$2454,A8) -> 82.731602 | H8: =AVERAGEIFS('Cleaned Data'!$AH$4:$AH$2454,'Cleaned Data'!$F$4:$F$2454,A8) -> 3.2683983
A9: May | B9: =COUNTIF('Cleaned Data'!$F$4:$F$2454,A9) -> 227 | C9: =COUNTIFS('Cleaned Data'!$F$4:$F$2454,A9,'Cleaned Data'!$C$4:$C$2454,1) -> 85 | D9: =IF(A9="","",C9/B9) -> 0.37444934 | E9: =SUMIFS('Cleaned Data'!$AJ$4:$AJ$2454,'Cleaned Data'!$F$4:$F$2454,A9,'Cleaned Data'!$C$4:$C$2454,0) -> 47330.21 | F9: =AVERAGEIFS('Cleaned Data'!$AC$4:$AC$2454,'Cleaned Data'!$F$4:$F$2454,A9) -> 107.07189 | G9: =AVERAGEIFS('Cleaned Data'!$D$4:$D$2454,'Cleaned Data'!$F$4:$F$2454,A9) -> 118.88546 | H9: =AVERAGEIFS('Cleaned Data'!$AH$4:$AH$2454,'Cleaned Data'!$F$4:$F$2454,A9) -> 3.3348018
A10: June | B10: =COUNTIF('Cleaned Data'!$F$4:$F$2454,A10) -> 219 | C10: =COUNTIFS('Cleaned Data'!$F$4:$F$2454,A10,'Cleaned Data'!$C$4:$C$2454,1) -> 90 | D10: =IF(A10="","",C10/B10) -> 0.4109589 | E10: =SUMIFS('Cleaned Data'!$AJ$4:$AJ$2454,'Cleaned Data'!$F$4:$F$2454,A10,'Cleaned Data'!$C$4:$C$2454,0) -> 47050.29 | F10: =AVERAGEIFS('Cleaned Data'!$AC$4:$AC$2454,'Cleaned Data'!$F$4:$F$2454,A10) -> 113.25233 | G10: =AVERAGEIFS('Cleaned Data'!$D$4:$D$2454,'Cleaned Data'!$F$4:$F$2454,A10) -> 121.41553 | H10: =AVERAGEIFS('Cleaned Data'!$AH$4:$AH$2454,'Cleaned Data'!$F$4:$F$2454,A10) -> 3.3926941
A11: July | B11: =COUNTIF('Cleaned Data'!$F$4:$F$2454,A11) -> 253 | C11: =COUNTIFS('Cleaned Data'!$F$4:$F$2454,A11,'Cleaned Data'!$C$4:$C$2454,1) -> 98 | D11: =IF(A11="","",C11/B11) -> 0.38735178 | E11: =SUMIFS('Cleaned Data'!$AJ$4:$AJ$2454,'Cleaned Data'!$F$4:$F$2454,A11,'Cleaned Data'!$C$4:$C$2454,0) -> 85184.9 | F11: =AVERAGEIFS('Cleaned Data'!$AC$4:$AC$2454,'Cleaned Data'!$F$4:$F$2454,A11) -> 130.85798 | G11: =AVERAGEIFS('Cleaned Data'!$D$4:$D$2454,'Cleaned Data'!$F$4:$F$2454,A11) -> 131.1581 | H11: =AVERAGEIFS('Cleaned Data'!$AH$4:$AH$2454,'Cleaned Data'!$F$4:$F$2454,A11) -> 4.0197628
A12: August | B12: =COUNTIF('Cleaned Data'!$F$4:$F$2454,A12) -> 316 | C12: =COUNTIFS('Cleaned Data'!$F$4:$F$2454,A12,'Cleaned Data'!$C$4:$C$2454,1) -> 121 | D12: =IF(A12="","",C12/B12) -> 0.38291139 | E12: =SUMIFS('Cleaned Data'!$AJ$4:$AJ$2454,'Cleaned Data'!$F$4:$F$2454,A12,'Cleaned Data'!$C$4:$C$2454,0) -> 104522.73 | F12: =AVERAGEIFS('Cleaned Data'!$AC$4:$AC$2454,'Cleaned Data'!$F$4:$F$2454,A12) -> 145.99541 | G12: =AVERAGEIFS('Cleaned Data'!$D$4:$D$2454,'Cleaned Data'!$F$4:$F$2454,A12) -> 123.25633 | H12: =AVERAGEIFS('Cleaned Data'!$AH$4:$AH$2454,'Cleaned Data'!$F$4:$F$2454,A12) -> 3.8544304
A13: September | B13: =COUNTIF('Cleaned Data'!$F$4:$F$2454,A13) -> 213 | C13: =COUNTIFS('Cleaned Data'!$F$4:$F$2454,A13,'Cleaned Data'!$C$4:$C$2454,1) -> 81 | D13: =IF(A13="","",C13/B13) -> 0.38028169 | E13: =SUMIFS('Cleaned Data'!$AJ$4:$AJ$2454,'Cleaned Data'!$F$4:$F$2454,A13,'Cleaned Data'!$C$4:$C$2454,0) -> 46541.98 | F13: =AVERAGEIFS('Cleaned Data'!$AC$4:$AC$2454,'Cleaned Data'!$F$4:$F$2454,A13) -> 101.50944 | G13: =AVERAGEIFS('Cleaned Data'!$D$4:$D$2454,'Cleaned Data'!$F$4:$F$2454,A13) -> 127.56808 | H13: =AVERAGEIFS('Cleaned Data'!$AH$4:$AH$2454,'Cleaned Data'!$F$4:$F$2454,A13) -> 3.3380282
A14: October | B14: =COUNTIF('Cleaned Data'!$F$4:$F$2454,A14) -> 238 | C14: =COUNTIFS('Cleaned Data'!$F$4:$F$2454,A14,'Cleaned Data'!$C$4:$C$2454,1) -> 95 | D14: =IF(A14="","",C14/B14) -> 0.39915966 | E14: =SUMIFS('Cleaned Data'!$AJ$4:$AJ$2454,'Cleaned Data'!$F$4:$F$2454,A14,'Cleaned Data'!$C$4:$C$2454,0) -> 40659.08 | F14: =AVERAGEIFS('Cleaned Data'!$AC$4:$AC$2454,'Cleaned Data'!$F$4:$F$2454,A14) -> 86.002101 | G14: =AVERAGEIFS('Cleaned Data'!$D$4:$D$2454,'Cleaned Data'!$F$4:$F$2454,A14) -> 121.01261 | H14: =AVERAGEIFS('Cleaned Data'!$AH$4:$AH$2454,'Cleaned Data'!$F$4:$F$2454,A14) -> 3.2857143
A15: November | B15: =COUNTIF('Cleaned Data'!$F$4:$F$2454,A15) -> 134 | C15: =COUNTIFS('Cleaned Data'!$F$4:$F$2454,A15,'Cleaned Data'!$C$4:$C$2454,1) -> 41 | D15: =IF(A15="","",C15/B15) -> 0.30597015 | E15: =SUMIFS('Cleaned Data'!$AJ$4:$AJ$2454,'Cleaned Data'!$F$4:$F$2454,A15,'Cleaned Data'!$C$4:$C$2454,0) -> 21458.51 | F15: =AVERAGEIFS('Cleaned Data'!$AC$4:$AC$2454,'Cleaned Data'!$F$4:$F$2454,A15) -> 73.913582 | G15: =AVERAGEIFS('Cleaned Data'!$D$4:$D$2454,'Cleaned Data'!$F$4:$F$2454,A15) -> 68.708955 | H15: =AVERAGEIFS('Cleaned Data'!$AH$4:$AH$2454,'Cleaned Data'!$F$4:$F$2454,A15) -> 3.1716418
A16: December | B16: =COUNTIF('Cleaned Data'!$F$4:$F$2454,A16) -> 134 | C16: =COUNTIFS('Cleaned Data'!$F$4:$F$2454,A16,'Cleaned Data'!$C$4:$C$2454,1) -> 45 | D16: =IF(A16="","",C16/B16) -> 0.3358209 | E16: =SUMIFS('Cleaned Data'!$AJ$4:$AJ$2454,'Cleaned Data'!$F$4:$F$2454,A16,'Cleaned Data'!$C$4:$C$2454,0) -> 20483.69 | F16: =AVERAGEIFS('Cleaned Data'!$AC$4:$AC$2454,'Cleaned Data'!$F$4:$F$2454,A16) -> 84.37 | G16: =AVERAGEIFS('Cleaned Data'!$D$4:$D$2454,'Cleaned Data'!$F$4:$F$2454,A16) -> 68.335821 | H16: =AVERAGEIFS('Cleaned Data'!$AH$4:$AH$2454,'Cleaned Data'!$F$4:$F$2454,A16) -> 2.9925373

Sheet Pivot - Customer Segment
A1: CUSTOMER TYPE & MARKET SEGMENT ANALYSIS
A3: By Customer Type
A4: Category | B4: Bookings | C4: Cancelled | D4: Cancel Rate | E4: Total Revenue | F4: Avg ADR | G4: Avg Lead Time | H4: Avg Nights
A5: Transient | B5: =COUNTIF('Cleaned Data'!$AB$4:$AB$2454,A5) -> 1844 | C5: =COUNTIFS('Cleaned Data'!$AB$4:$AB$2454,A5,'Cleaned Data'!$C$4:$C$2454,1) -> 730 | D5: =IF(A5="","",C5/B5) -> 0.39587852 | E5: =SUMIFS('Cleaned Data'!$AJ$4:$AJ$2454,'Cleaned Data'!$AB$4:$AB$2454,A5,'Cleaned Data'!$C$4:$C$2454,0) -> 394504.69 | F5: =AVERAGEIFS('Cleaned Data'!$AC$4:$AC$2454,'Cleaned Data'!$AB$4:$AB$2454,A5) -> 108.2366 | G5: =AVERAGEIFS('Cleaned Data'!$D$4:$D$2454,'Cleaned Data'!$AB$4:$AB$2454,A5) -> 88.060738 | H5: =AVERAGEIFS('Cleaned Data'!$AH$4:$AH$2454,'Cleaned Data'!$AB$4:$AB$2454,A5) -> 3.3969631
A6: Transient-Party | B6: =COUNTIF('Cleaned Data'!$AB$4:$AB$2454,A6) -> 504 | C6: =COUNTIFS('Cleaned Data'!$AB$4:$AB$2454,A6,'Cleaned Data'!$C$4:$C$2454,1) -> 130 | D6: =IF(A6="","",C6/B6) -> 0.25793651 | E6: =SUMIFS('Cleaned Data'!$AJ$4:$AJ$2454,'Cleaned Data'!$AB$4:$AB$2454,A6,'Cleaned Data'!$C$4:$C$2454,0) -> 104359.94 | F6: =AVERAGEIFS('Cleaned Data'!$AC$4:$AC$2454,'Cleaned Data'!$AB$4:$AB$2454,A6) -> 85.938472 | G6: =AVERAGEIFS('Cleaned Data'!$D$4:$D$2454,'Cleaned Data'!$AB$4:$AB$2454,A6) -> 135.95238 | H6: =AVERAGEIFS('Cleaned Data'!$AH$4:$AH$2454,'Cleaned Data'!$AB$4:$AB$2454,A6) -> 3.1765873
A7: Contract | B7: =COUNTIF('Cleaned Data'!$AB$4:$AB$2454,A7) -> 98 | C7: =COUNTIFS('Cleaned Data'!$AB$4:$AB$2454,A7,'Cleaned Data'!$C$4:$C$2454,1) -> 25 | D7: =IF(A7="","",C7/B7) -> 0.25510204 | E7: =SUMIFS('Cleaned Data'!$AJ$4:$AJ$2454,'Cleaned Data'!$AB$4:$AB$2454,A7,'Cleaned Data'!$C$4:$C$2454,0) -> 34220.59 | F7: =AVERAGEIFS('Cleaned Data'!$AC$4:$AC$2454,'Cleaned Data'!$AB$4:$AB$2454,A7) -> 82.740918 | G7: =AVERAGEIFS('Cleaned Data'!$D$4:$D$2454,'Cleaned Data'!$AB$4:$AB$2454,A7) -> 137.78571 | H7: =AVERAGEIFS('Cleaned Data'!$AH$4:$AH$2454,'Cleaned Data'!$AB$4:$AB$2454,A7) -> 4.9489796
A8: Group | B8: =COUNTIF('Cleaned Data'!$AB$4:$AB$2454,A8) -> 5 | C8: =COUNTIFS('Cleaned Data'!$AB$4:$AB$2454,A8,'Cleaned Data'!$C$4:$C$2454,1) -> 2 | D8: =IF(A8="","",C8/B8) -> 0.4 | E8: =SUMIFS('Cleaned Data'!$AJ$4:$AJ$2454,'Cleaned Data'!$AB$4:$AB$2454,A8,'Cleaned Data'!$C$4:$C$2454,0) -> 668 | F8: =AVERAGEIFS('Cleaned Data'!$AC$4:$AC$2454,'Cleaned Data'!$AB$4:$AB$2454,A8) -> 77.6 | G8: =AVERAGEIFS('Cleaned Data'!$D$4:$D$2454,'Cleaned Data'!$AB$4:$AB$2454,A8) -> 76.4 | H8: =AVERAGEIFS('Cleaned Data'!$AH$4:$AH$2454,'Cleaned Data'!$AB$4:$AB$2454,A8) -> 3
A10: By Market Segment
A11: Category | B11: Bookings | C11: Cancelled | D11: Cancel Rate | E11: Total Revenue | F11: Avg ADR | G11: Avg Lead Time | H11: Avg Nights
A12: Online TA | B12: =COUNTIF('Cleaned Data'!$P$4:$P$2454,A12) -> 1205 | C12: =COUNTIFS('Cleaned Data'!$P$4:$P$2454,A12,'Cleaned Data'!$C$4:$C$2454,1) -> 453 | D12: =IF(A12="","",C12/B12) -> 0.37593361 | E12: =SUMIFS('Cleaned Data'!$AJ$4:$AJ$2454,'Cleaned Data'!$P$4:$P$2454,A12,'Cleaned Data'!$C$4:$C$2454,0) -> 280132.14 | F12: =AVERAGEIFS('Cleaned Data'!$AC$4:$AC$2454,'Cleaned Data'!$P$4:$P$2454,A12) -> 117.53638 | G12: =AVERAGEIFS('Cleaned Data'!$D$4:$D$2454,'Cleaned Data'!$P$4:$P$2454,A12) -> 80.741909 | H12: =AVERAGEIFS('Cleaned Data'!$AH$4:$AH$2454,'Cleaned Data'!$P$4:$P$2454,A12) -> 3.4456432
A13: Offline TA/TO | B13: =COUNTIF('Cleaned Data'!$P$4:$P$2454,A13) -> 486 | C13: =COUNTIFS('Cleaned Data'!$P$4:$P$2454,A13,'Cleaned Data'!$C$4:$C$2454,1) -> 142 | D13: =IF(A13="","",C13/B13) -> 0.29218107 | E13: =SUMIFS('Cleaned Data'!$AJ$4:$AJ$2454,'Cleaned Data'!$P$4:$P$2454,A13,'Cleaned Data'!$C$4:$C$2454,0) -> 124948.31 | F13: =AVERAGEIFS('Cleaned Data'!$AC$4:$AC$2454,'Cleaned Data'!$P$4:$P$2454,A13) -> 87.023189 | G13: =AVERAGEIFS('Cleaned Data'!$D$4:$D$2454,'Cleaned Data'!$P$4:$P$2454,A13) -> 127.10905 | H13: =AVERAGEIFS('Cleaned Data'!$AH$4:$AH$2454,'Cleaned Data'!$P$4:$P$2454,A13) -> 4.1481481
A14: Groups | B14: =COUNTIF('Cleaned Data'!$P$4:$P$2454,A14) -> 369 | C14: =COUNTIFS('Cleaned Data'!$P$4:$P$2454,A14,'Cleaned Data'!$C$4:$C$2454,1) -> 221 | D14: =IF(A14="","",C14/B14) -> 0.59891599 | E14: =SUMIFS('Cleaned Data'!$AJ$4:$AJ$2454,'Cleaned Data'!$P$4:$P$2454,A14,'Cleaned Data'!$C$4:$C$2454,0) -> 38312.63 | F14: =AVERAGEIFS('Cleaned Data'!$AC$4:$AC$2454,'Cleaned Data'!$P$4:$P$2454,A14) -> 76.570949 | G14: =AVERAGEIFS('Cleaned Data'!$D$4:$D$2454,'Cleaned Data'!$P$4:$P$2454,A14) -> 187.42005 | H14: =AVERAGEIFS('Cleaned Data'!$AH$4:$AH$2454,'Cleaned Data'!$P$4:$P$2454,A14) -> 3.1246612
A15: Direct | B15: =COUNTIF('Cleaned Data'!$P$4:$P$2454,A15) -> 267 | C15: =COUNTIFS('Cleaned Data'!$P$4:$P$2454,A15,'Cleaned Data'!$C$4:$C$2454,1) -> 40 | D15: =IF(A15="","",C15/B15) -> 0.14981273 | E15: =SUMIFS('Cleaned Data'!$AJ$4:$AJ$2454,'Cleaned Data'!$P$4:$P$2454,A15,'Cleaned Data'!$C$4:$C$2454,0) -> 78038.53 | F15: =AVERAGEIFS('Cleaned Data'!$AC$4:$AC$2454,'Cleaned Data'!$P$4:$P$2454,A15) -> 117.09034 | G15: =AVERAGEIFS('Cleaned Data'!$D$4:$D$2454,'Cleaned Data'!$P$4:$P$2454,A15) -> 53.078652 | H15: =AVERAGEIFS('Cleaned Data'!$AH$4:$AH$2454,'Cleaned Data'!$P$4:$P$2454,A15) -> 2.9475655
A16: Corporate | B16: =COUNTIF('Cleaned Data'!$P$4:$P$2454,A16) -> 99 | C16: =COUNTIFS('Cleaned Data'!$P$4:$P$2454,A16,'Cleaned Data'!$C$4:$C$2454,1) -> 28 | D16: =IF(A16="","",C16/B16) -> 0.28282828 | E16: =SUMIFS('Cleaned Data'!$AJ$4:$AJ$2454,'Cleaned Data'!$P$4:$P$2454,A16,'Cleaned Data'!$C$4:$C$2454,0) -> 9698.61 | F16: =AVERAGEIFS('Cleaned Data'!$AC$4:$AC$2454,'Cleaned Data'!$P$4:$P$2454,A16) -> 71.136162 | G16: =AVERAGEIFS('Cleaned Data'!$D$4:$D$2454,'Cleaned Data'!$P$4:$P$2454,A16) -> 20.555556 | H16: =AVERAGEIFS('Cleaned Data'!$AH$4:$AH$2454,'Cleaned Data'!$P$4:$P$2454,A16) -> 2.010101
A17: Complementary | B17: =COUNTIF('Cleaned Data'!$P$4:$P$2454,A17) -> 16 | C17: =COUNTIFS('Cleaned Data'!$P$4:$P$2454,A17,'Cleaned Data'!$C$4:$C$2454,1) -> 1 | D17: =IF(A17="","",C17/B17) -> 0.0625 | E17: =SUMIFS('Cleaned Data'!$AJ$4:$AJ$2454,'Cleaned Data'!$P$4:$P$2454,A17,'Cleaned Data'!$C$4:$C$2454,0) -> 6 | F17: =AVERAGEIFS('Cleaned Data'!$AC$4:$AC$2454,'Cleaned Data'!$P$4:$P$2454,A17) -> 0.375 | G17: =AVERAGEIFS('Cleaned Data'!$D$4:$D$2454,'Cleaned Data'!$P$4:$P$2454,A17) -> 20.5 | H17: =AVERAGEIFS('Cleaned Data'!$AH$4:$AH$2454,'Cleaned Data'!$P$4:$P$2454,A17) -> 1.875
A18: Aviation | B18: =COUNTIF('Cleaned Data'!$P$4:$P$2454,A18) -> 9 | C18: =COUNTIFS('Cleaned Data'!$P$4:$P$2454,A18,'Cleaned Data'!$C$4:$C$2454,1) -> 2 | D18: =IF(A18="","",C18/B18) -> 0.22222222 | E18: =SUMIFS('Cleaned Data'!$AJ$4:$AJ$2454,'Cleaned Data'!$P$4:$P$2454,A18,'Cleaned Data'!$C$4:$C$2454,0) -> 2617 | F18: =AVERAGEIFS('Cleaned Data'!$AC$4:$AC$2454,'Cleaned Data'!$P$4:$P$2454,A18) -> 100.77778 | G18: =AVERAGEIFS('Cleaned Data'!$D$4:$D$2454,'Cleaned Data'!$P$4:$P$2454,A18) -> 3 | H18: =AVERAGEIFS('Cleaned Data'!$AH$4:$AH$2454,'Cleaned Data'!$P$4:$P$2454,A18) -> 3.1111111
